date,wiki,article,views,project_views,per_million
2024-09-22,cs,Vojenská technika,,2130532,
2024-09-23,cs,Vojenská technika,,2171356,
2024-09-24,cs,Vojenská technika,,2256485,
2024-09-25,cs,Vojenská technika,,2206512,
2024-09-26,cs,Vojenská technika,,2211744,
2024-09-27,cs,Vojenská technika,,2148674,
2024-09-28,cs,Vojenská technika,,2377685,
2024-09-29,cs,Vojenská technika,,2337100,
2024-09-30,cs,Vojenská technika,,2262064,
2024-10-01,cs,Vojenská technika,,2278372,
2024-10-02,cs,Vojenská technika,,2338268,
2024-10-03,cs,Vojenská technika,,2240543,
2024-10-04,cs,Vojenská technika,,2149320,
2024-10-05,cs,Vojenská technika,,2271345,
2024-10-06,cs,Vojenská technika,,2364865,
2024-10-07,cs,Vojenská technika,,2296608,
2024-10-08,cs,Vojenská technika,,2282424,
2024-10-09,cs,Vojenská technika,,2337583,
2024-10-10,cs,Vojenská technika,,2265964,
2024-10-11,cs,Vojenská technika,,2136253,
2024-10-12,cs,Vojenská technika,,2338703,
2024-10-13,cs,Vojenská technika,,2473488,
2024-10-14,cs,Vojenská technika,,2332578,
2024-10-15,cs,Vojenská technika,,2313989,
2024-10-16,cs,Vojenská technika,,2241870,
2024-10-17,cs,Vojenská technika,,2254682,
2024-10-18,cs,Vojenská technika,,2115875,
2024-10-19,cs,Vojenská technika,,2250673,
2024-10-20,cs,Vojenská technika,,2321290,
2024-10-21,cs,Vojenská technika,,2332679,
2024-10-22,cs,Vojenská technika,,2322859,
2024-10-23,cs,Vojenská technika,,2763635,
2024-10-24,cs,Vojenská technika,,2171612,
2024-10-25,cs,Vojenská technika,,2056154,
2024-10-26,cs,Vojenská technika,,2220406,
2024-10-27,cs,Vojenská technika,,2324626,
2024-10-28,cs,Vojenská technika,,2493500,
2024-10-29,cs,Vojenská technika,,2192810,
2024-10-30,cs,Vojenská technika,,2211861,
2024-10-31,cs,Vojenská technika,,2186661,
2024-11-01,cs,Vojenská technika,,2087252,
2024-11-02,cs,Vojenská technika,,2250817,
2024-11-03,cs,Vojenská technika,,2607645,
2024-11-04,cs,Vojenská technika,,2411597,
2024-11-05,cs,Vojenská technika,,2401081,
2024-11-06,cs,Vojenská technika,,2434936,
2024-11-07,cs,Vojenská technika,,2267467,
2024-11-08,cs,Vojenská technika,,2113939,
2024-11-09,cs,Vojenská technika,,2205887,
2024-11-10,cs,Vojenská technika,,2382717,
2024-11-11,cs,Vojenská technika,,2325750,
2024-11-12,cs,Vojenská technika,,2343903,
2024-11-13,cs,Vojenská technika,,2262312,
2024-11-14,cs,Vojenská technika,,2166027,
2024-11-15,cs,Vojenská technika,,2097213,
2024-11-16,cs,Vojenská technika,,2195024,
2024-11-17,cs,Vojenská technika,,2544198,
2024-11-18,cs,Vojenská technika,,2381864,
2024-11-19,cs,Vojenská technika,,2378060,
2024-11-20,cs,Vojenská technika,,2296178,
2024-11-21,cs,Vojenská technika,,2209514,
2024-11-22,cs,Vojenská technika,,2112393,
2024-11-23,cs,Vojenská technika,,2233644,
2024-11-24,cs,Vojenská technika,,2501705,
2024-11-25,cs,Vojenská technika,,2349232,
2024-11-26,cs,Vojenská technika,,2379053,
2024-11-27,cs,Vojenská technika,,2289273,
2024-11-28,cs,Vojenská technika,,2185043,
2024-11-29,cs,Vojenská technika,,2216552,
2024-11-30,cs,Vojenská technika,,2221894,
2024-12-01,cs,Vojenská technika,,2292592,
2024-12-02,cs,Vojenská technika,,2309635,
2024-12-03,cs,Vojenská technika,,2364375,
2024-12-04,cs,Vojenská technika,,2333223,
2024-12-05,cs,Vojenská technika,,2090235,
2024-12-06,cs,Vojenská technika,,2016911,
2024-12-07,cs,Vojenská technika,,2179922,
2024-12-08,cs,Vojenská technika,,2490655,
2024-12-09,cs,Vojenská technika,,2365266,
2024-12-10,cs,Vojenská technika,,2302203,
2024-12-11,cs,Vojenská technika,,2217279,
2024-12-12,cs,Vojenská technika,,2145836,
2024-12-13,cs,Vojenská technika,,2036603,
2024-12-14,cs,Vojenská technika,,2362745,
2024-12-15,cs,Vojenská technika,,2446757,
2024-12-16,cs,Vojenská technika,,2234596,
2024-12-17,cs,Vojenská technika,,2154895,
2024-12-18,cs,Vojenská technika,,2026693,
2024-12-19,cs,Vojenská technika,,1893469,
2024-12-20,cs,Vojenská technika,,1982641,
2024-12-21,cs,Vojenská technika,,2025642,
2024-12-22,cs,Vojenská technika,,2132927,
2024-12-23,cs,Vojenská technika,,1956938,
2024-12-24,cs,Vojenská technika,,2257084,
2024-12-25,cs,Vojenská technika,,2658691,
2024-12-26,cs,Vojenská technika,,2578716,
2024-12-27,cs,Vojenská technika,,2334472,
2024-12-28,cs,Vojenská technika,,2568933,
2024-12-29,cs,Vojenská technika,,2679394,
2024-12-30,cs,Vojenská technika,,2449285,
2024-12-31,cs,Vojenská technika,,2472148,
2025-01-01,cs,Vojenská technika,,2935168,
2025-01-02,cs,Vojenská technika,,2606799,
2025-01-03,cs,Vojenská technika,,2738432,
2025-01-04,cs,Vojenská technika,,2872090,
2025-01-05,cs,Vojenská technika,,2938754,
2025-01-06,cs,Vojenská technika,,2714205,
2025-01-07,cs,Vojenská technika,,2757533,
2025-01-08,cs,Vojenská technika,,2748159,
2025-01-09,cs,Vojenská technika,,2671719,
2025-01-10,cs,Vojenská technika,,2529614,
2025-01-11,cs,Vojenská technika,,2733523,
2025-01-12,cs,Vojenská technika,,2804549,
2025-01-13,cs,Vojenská technika,,2693541,
2025-01-14,cs,Vojenská technika,,2777170,
2025-01-15,cs,Vojenská technika,,2762469,
2025-01-16,cs,Vojenská technika,,2674110,
2025-01-17,cs,Vojenská technika,,2412336,
2025-01-18,cs,Vojenská technika,,2476338,
2025-01-19,cs,Vojenská technika,,2662170,
2025-01-20,cs,Vojenská technika,,2792685,
2025-01-21,cs,Vojenská technika,,2838672,
2025-01-22,cs,Vojenská technika,,2711172,
2025-01-23,cs,Vojenská technika,,2774680,
2025-01-24,cs,Vojenská technika,,2493984,
2025-01-25,cs,Vojenská technika,,2668772,
2025-01-26,cs,Vojenská technika,,2833935,
2025-01-27,cs,Vojenská technika,,2666623,
2025-01-28,cs,Vojenská technika,,2696031,
2025-01-29,cs,Vojenská technika,,2587458,
2025-01-30,cs,Vojenská technika,,2381560,
2025-01-31,cs,Vojenská technika,,2442350,
2025-02-01,cs,Vojenská technika,,2668870,
2025-02-02,cs,Vojenská technika,,2754099,
2025-02-03,cs,Vojenská technika,,2473118,
2025-02-04,cs,Vojenská technika,,2456318,
2025-02-05,cs,Vojenská technika,,2418434,
2025-02-06,cs,Vojenská technika,,2350650,
2025-02-07,cs,Vojenská technika,,2287447,
2025-02-08,cs,Vojenská technika,,2360930,
2025-02-09,cs,Vojenská technika,,2485552,
2025-02-10,cs,Vojenská technika,,2334838,
2025-02-11,cs,Vojenská technika,,2390718,
2025-02-12,cs,Vojenská technika,,2502135,
2025-02-13,cs,Vojenská technika,,2534634,
2025-02-14,cs,Vojenská technika,,2381572,
2025-02-15,cs,Vojenská technika,,2513440,
2025-02-16,cs,Vojenská technika,,2727897,
2025-02-17,cs,Vojenská technika,,2432841,
2025-02-18,cs,Vojenská technika,,2495428,
2025-02-19,cs,Vojenská technika,,2525823,
2025-02-20,cs,Vojenská technika,,2493263,
2025-02-21,cs,Vojenská technika,,2462256,
2025-02-22,cs,Vojenská technika,,2574656,
2025-02-23,cs,Vojenská technika,,2968825,
2025-02-24,cs,Vojenská technika,,2517884,
2025-02-25,cs,Vojenská technika,,2499390,
2025-02-26,cs,Vojenská technika,,2444743,
2025-02-27,cs,Vojenská technika,,2495821,
2025-02-28,cs,Vojenská technika,,2201434,
2025-03-01,cs,Vojenská technika,,2319322,
2025-03-02,cs,Vojenská technika,,2466713,
2025-03-03,cs,Vojenská technika,,2412175,
2025-03-04,cs,Vojenská technika,,2713416,
2025-03-05,cs,Vojenská technika,,2760651,
2025-03-06,cs,Vojenská technika,,2532097,
2025-03-07,cs,Vojenská technika,,2554696,
2025-03-08,cs,Vojenská technika,,2575619,
2025-03-09,cs,Vojenská technika,,2467181,
2025-03-10,cs,Vojenská technika,,2517048,
2025-03-11,cs,Vojenská technika,,2563189,
2025-03-12,cs,Vojenská technika,,2412444,
2025-03-13,cs,Vojenská technika,,2338607,
2025-03-14,cs,Vojenská technika,,2330047,
2025-03-15,cs,Vojenská technika,,2415698,
2025-03-16,cs,Vojenská technika,,2816043,
2025-03-17,cs,Vojenská technika,,2520236,
2025-03-18,cs,Vojenská technika,,2356127,
2025-03-19,cs,Vojenská technika,,2220029,
2025-03-20,cs,Vojenská technika,,2275955,
2025-03-21,cs,Vojenská technika,,2115583,
2025-03-22,cs,Vojenská technika,,2203232,
2025-03-23,cs,Vojenská technika,,2539307,
2025-03-24,cs,Vojenská technika,,2401507,
2025-03-25,cs,Vojenská technika,,2391865,
2025-03-26,cs,Vojenská technika,,2308013,
2025-03-27,cs,Vojenská technika,,2190616,
2025-03-28,cs,Vojenská technika,,2076744,
2025-03-29,cs,Vojenská technika,,2274648,
2025-03-30,cs,Vojenská technika,,2347249,
2025-03-31,cs,Vojenská technika,,2381772,
2025-04-01,cs,Vojenská technika,,2242326,
2025-04-02,cs,Vojenská technika,,2322665,
2025-04-03,cs,Vojenská technika,,2025170,
2025-04-04,cs,Vojenská technika,,1954414,
2025-04-05,cs,Vojenská technika,,2130659,
2025-04-06,cs,Vojenská technika,,2556857,
2025-04-07,cs,Vojenská technika,,2421892,
2025-04-08,cs,Vojenská technika,,2309205,
2025-04-09,cs,Vojenská technika,,2220031,
2025-04-10,cs,Vojenská technika,,2050692,
2025-04-11,cs,Vojenská technika,,1961651,
2025-04-12,cs,Vojenská technika,,1952214,
2025-04-13,cs,Vojenská technika,,2163553,
2025-04-14,cs,Vojenská technika,,2072909,
2025-04-15,cs,Vojenská technika,,2295241,
2025-04-16,cs,Vojenská technika,,2070850,
2025-04-17,cs,Vojenská technika,,2031900,
2025-04-18,cs,Vojenská technika,,2500908,
2025-04-19,cs,Vojenská technika,,2161758,
2025-04-20,cs,Vojenská technika,,2015619,
2025-04-21,cs,Vojenská technika,,2695085,
2025-04-22,cs,Vojenská technika,,2260216,
2025-04-23,cs,Vojenská technika,,2182180,
2025-04-24,cs,Vojenská technika,,2325827,
2025-04-25,cs,Vojenská technika,,2377277,
2025-04-26,cs,Vojenská technika,,2348901,
2025-04-27,cs,Vojenská technika,,2299376,
2025-04-28,cs,Vojenská technika,,2373639,
2025-04-29,cs,Vojenská technika,,2422955,
2025-04-30,cs,Vojenská technika,,2264236,
2025-05-01,cs,Vojenská technika,,2391967,
2025-05-02,cs,Vojenská technika,,2642162,
2025-05-03,cs,Vojenská technika,,2601549,
2025-05-04,cs,Vojenská technika,,2604603,
2025-05-05,cs,Vojenská technika,,2455957,
2025-05-06,cs,Vojenská technika,,2557490,
2025-05-07,cs,Vojenská technika,,2476687,
2025-05-08,cs,Vojenská technika,,3232788,
2025-05-09,cs,Vojenská technika,,2597418,
2025-05-10,cs,Vojenská technika,,2443016,
2025-05-11,cs,Vojenská technika,,2640050,
2025-05-12,cs,Vojenská technika,,2450156,
2025-05-13,cs,Vojenská technika,,2245429,
2025-05-14,cs,Vojenská technika,,2290350,
2025-05-15,cs,Vojenská technika,,2313184,
2025-05-16,cs,Vojenská technika,,2205283,
2025-05-17,cs,Vojenská technika,,2382903,
2025-05-18,cs,Vojenská technika,,2467398,
2025-05-19,cs,Vojenská technika,,2412985,
2025-05-20,cs,Vojenská technika,,2225889,
2025-05-21,cs,Vojenská technika,,2139512,
2025-05-22,cs,Vojenská technika,,2343230,
2025-05-23,cs,Vojenská technika,,2080998,
2025-05-24,cs,Vojenská technika,,2154007,
2025-05-25,cs,Vojenská technika,,2475451,
2025-05-26,cs,Vojenská technika,,2319517,
2025-05-27,cs,Vojenská technika,,2163341,
2025-05-28,cs,Vojenská technika,,2248368,
2025-05-29,cs,Vojenská technika,,2124231,
2025-05-30,cs,Vojenská technika,,1979962,
2025-05-31,cs,Vojenská technika,,1964278,
2025-06-01,cs,Vojenská technika,,2186262,
2025-06-02,cs,Vojenská technika,,2086987,
2025-06-03,cs,Vojenská technika,,2068460,
2025-06-04,cs,Vojenská technika,,1975290,
2025-06-05,cs,Vojenská technika,,1993103,
2025-06-06,cs,Vojenská technika,,1911399,
2025-06-07,cs,Vojenská technika,,2060514,
2025-06-08,cs,Vojenská technika,,2436559,
2025-06-09,cs,Vojenská technika,,2057452,
2025-06-10,cs,Vojenská technika,,1992161,
2025-06-11,cs,Vojenská technika,,1910307,
2025-06-12,cs,Vojenská technika,,1817333,
2025-06-13,cs,Vojenská technika,,1750059,
2025-06-14,cs,Vojenská technika,,1724842,
2025-06-15,cs,Vojenská technika,,1913968,
2025-06-16,cs,Vojenská technika,,2032583,
2025-06-17,cs,Vojenská technika,,1849460,
2025-06-18,cs,Vojenská technika,,1772575,
2025-06-19,cs,Vojenská technika,,1744095,
2025-06-20,cs,Vojenská technika,,1689435,
2025-06-21,cs,Vojenská technika,,1707158,
2025-06-22,cs,Vojenská technika,,1872544,
2025-06-23,cs,Vojenská technika,,1837947,
2025-06-24,cs,Vojenská technika,,1756324,
2025-06-25,cs,Vojenská technika,,1690962,
2025-06-26,cs,Vojenská technika,,1625425,
2025-06-27,cs,Vojenská technika,,1659586,
2025-06-28,cs,Vojenská technika,,1709420,
2025-06-29,cs,Vojenská technika,,1797275,
2025-06-30,cs,Vojenská technika,,1641953,
2025-07-01,cs,Vojenská technika,,1610480,
2025-07-02,cs,Vojenská technika,,1619386,
2025-07-03,cs,Vojenská technika,,1716591,
2025-07-04,cs,Vojenská technika,,1733204,
2025-07-05,cs,Vojenská technika,,1918321,
2025-07-06,cs,Vojenská technika,,1958466,
2025-07-07,cs,Vojenská technika,,1880669,
2025-07-08,cs,Vojenská technika,,1943265,
2025-07-09,cs,Vojenská technika,,1803493,
2025-07-10,cs,Vojenská technika,,1930936,
2025-07-11,cs,Vojenská technika,,2594513,
2025-07-12,cs,Vojenská technika,,2641620,
2025-07-13,cs,Vojenská technika,,1935432,
2025-07-14,cs,Vojenská technika,,2049722,
2025-07-15,cs,Vojenská technika,,1759325,
2025-07-16,cs,Vojenská technika,,1784026,
2025-07-17,cs,Vojenská technika,,1810200,
2025-07-18,cs,Vojenská technika,,1765500,
2025-07-19,cs,Vojenská technika,,2183814,
2025-07-20,cs,Vojenská technika,,2205132,
2025-07-21,cs,Vojenská technika,,2061635,
2025-07-22,cs,Vojenská technika,,2038375,
2025-07-23,cs,Vojenská technika,,2229819,
2025-07-24,cs,Vojenská technika,,1961470,
2025-07-25,cs,Vojenská technika,,1981338,
2025-07-26,cs,Vojenská technika,,2132877,
2025-07-27,cs,Vojenská technika,,2269305,
2025-07-28,cs,Vojenská technika,,1996539,
2025-07-29,cs,Vojenská technika,,1855486,
2025-07-30,cs,Vojenská technika,,1971328,
2025-07-31,cs,Vojenská technika,,1817584,
2025-08-01,cs,Vojenská technika,,1862549,
2025-08-02,cs,Vojenská technika,,1882257,
2025-08-03,cs,Vojenská technika,,2041498,
2025-08-04,cs,Vojenská technika,,1885658,
2025-08-05,cs,Vojenská technika,,2055450,
2025-08-06,cs,Vojenská technika,,1787274,
2025-08-07,cs,Vojenská technika,,1728585,
2025-08-08,cs,Vojenská technika,,1777083,
2025-08-09,cs,Vojenská technika,,1813029,
2025-08-10,cs,Vojenská technika,,1858245,
2025-08-11,cs,Vojenská technika,,1809904,
2025-08-12,cs,Vojenská technika,,1753107,
2025-08-13,cs,Vojenská technika,,1753913,
2025-08-14,cs,Vojenská technika,,1708710,
2025-08-15,cs,Vojenská technika,,1708274,
2025-08-16,cs,Vojenská technika,,1820588,
2025-08-17,cs,Vojenská technika,,1960617,
2025-08-18,cs,Vojenská technika,,1868619,
2025-08-19,cs,Vojenská technika,,1807590,
2025-08-20,cs,Vojenská technika,,1746050,
2025-08-21,cs,Vojenská technika,,1913596,
2025-08-22,cs,Vojenská technika,,1845674,
2025-08-23,cs,Vojenská technika,,1850265,
2025-08-24,cs,Vojenská technika,,1875426,
2025-08-25,cs,Vojenská technika,,1761062,
2025-08-26,cs,Vojenská technika,,1953414,
2025-08-27,cs,Vojenská technika,,2027333,
2025-08-28,cs,Vojenská technika,,2013591,
2025-08-29,cs,Vojenská technika,,1864070,
2025-08-30,cs,Vojenská technika,,1834342,
2025-08-31,cs,Vojenská technika,,1947356,
2025-09-01,cs,Vojenská technika,,1653374,
2025-09-02,cs,Vojenská technika,,1761354,
2025-09-03,cs,Vojenská technika,,1718940,
2025-09-04,cs,Vojenská technika,,1719567,
2025-09-05,cs,Vojenská technika,,1871165,
2025-09-06,cs,Vojenská technika,,1942144,
2025-09-07,cs,Vojenská technika,,1977416,
2025-09-08,cs,Vojenská technika,,1824411,
2025-09-09,cs,Vojenská technika,,1813650,
2025-09-10,cs,Vojenská technika,,1887016,
2025-09-11,cs,Vojenská technika,,1824967,
2025-09-12,cs,Vojenská technika,,1797025,
2025-09-13,cs,Vojenská technika,,1860119,
2025-09-14,cs,Vojenská technika,,2096628,
2025-09-15,cs,Vojenská technika,,1910025,
2025-09-16,cs,Vojenská technika,,1930863,
2025-09-17,cs,Vojenská technika,,1869138,
2025-09-18,cs,Vojenská technika,,1822427,
2025-09-19,cs,Vojenská technika,,1923059,
2025-09-20,cs,Vojenská technika,,1827671,
2025-09-21,cs,Vojenská technika,,1976222,
2025-09-22,cs,Vojenská technika,,2061209,
2025-09-23,cs,Vojenská technika,,2034359,
2025-09-24,cs,Vojenská technika,,2005541,
2025-09-25,cs,Vojenská technika,,1990031,
2025-09-26,cs,Vojenská technika,,1955452,
2025-09-27,cs,Vojenská technika,,1947612,
2025-09-28,cs,Vojenská technika,,2174780,
2025-09-29,cs,Vojenská technika,,2010897,
2025-09-30,cs,Vojenská technika,,2119392,
2025-10-01,cs,Vojenská technika,,3002244,
2025-10-02,cs,Vojenská technika,,2172123,
2025-10-03,cs,Vojenská technika,,2018586,
2025-10-04,cs,Vojenská technika,,3052882,
2025-10-05,cs,Vojenská technika,,2409672,
2025-10-06,cs,Vojenská technika,,2311389,
2025-10-07,cs,Vojenská technika,,2154416,
2025-10-08,cs,Vojenská technika,,2018944,
2025-10-09,cs,Vojenská technika,,1981551,
2025-10-10,cs,Vojenská technika,,1992190,
2025-10-11,cs,Vojenská technika,,2057947,
2025-10-12,cs,Vojenská technika,,2280619,
2025-10-13,cs,Vojenská technika,,2014514,
2025-10-14,cs,Vojenská technika,,1966056,
2025-10-15,cs,Vojenská technika,,1944541,
2025-10-16,cs,Vojenská technika,,1890674,
2025-10-17,cs,Vojenská technika,,1912448,
2025-10-18,cs,Vojenská technika,,1972561,
2025-10-19,cs,Vojenská technika,,2084532,
2025-10-20,cs,Vojenská technika,,1959568,
2025-10-21,cs,Vojenská technika,,2008746,
2025-10-22,cs,Vojenská technika,,1945946,
2025-10-23,cs,Vojenská technika,,2176389,
2025-10-24,cs,Vojenská technika,,2012856,
2025-10-25,cs,Vojenská technika,,2208204,
2025-10-26,cs,Vojenská technika,,2145167,
2025-10-27,cs,Vojenská technika,,1990968,
2025-10-28,cs,Vojenská technika,,2389615,
2025-10-29,cs,Vojenská technika,,2069587,
2025-10-30,cs,Vojenská technika,,2279098,
2025-10-31,cs,Vojenská technika,,2122248,
2025-11-01,cs,Vojenská technika,,2316683,
2025-11-02,cs,Vojenská technika,,2566946,
2025-11-03,cs,Vojenská technika,,2431291,
2025-11-04,cs,Vojenská technika,,2531651,
2025-11-05,cs,Vojenská technika,,2153641,
2025-11-06,cs,Vojenská technika,,2166442,
2025-11-07,cs,Vojenská technika,,2173956,
2025-11-08,cs,Vojenská technika,,2356067,
2025-11-09,cs,Vojenská technika,,2473152,
2025-11-10,cs,Vojenská technika,,2398935,
2025-11-11,cs,Vojenská technika,,2581018,
2025-11-12,cs,Vojenská technika,,2397585,
2025-11-13,cs,Vojenská technika,,2598521,
2025-11-14,cs,Vojenská technika,,2728658,
2025-11-15,cs,Vojenská technika,,2677872,
2025-11-16,cs,Vojenská technika,,3010093,
2025-11-17,cs,Vojenská technika,,3044328,
2025-11-18,cs,Vojenská technika,,2356494,
2025-11-19,cs,Vojenská technika,,2262896,
2025-11-20,cs,Vojenská technika,,2125799,
2025-11-21,cs,Vojenská technika,,2254881,
2025-11-22,cs,Vojenská technika,,2370800,
2025-11-23,cs,Vojenská technika,,2523346,
2025-11-24,cs,Vojenská technika,,2348776,
2025-11-25,cs,Vojenská technika,,2418297,
2025-11-26,cs,Vojenská technika,,2244962,
2025-11-27,cs,Vojenská technika,,2201470,
2025-11-28,cs,Vojenská technika,,2219326,
2025-11-29,cs,Vojenská technika,,2478343,
2025-11-30,cs,Vojenská technika,,2471231,
2025-12-01,cs,Vojenská technika,,1922309,
2025-12-02,cs,Vojenská technika,,1912108,
2025-12-03,cs,Vojenská technika,,1823570,
2025-12-04,cs,Vojenská technika,,1839926,
2025-12-05,cs,Vojenská technika,,1940425,
2025-12-06,cs,Vojenská technika,,1957317,
2025-12-07,cs,Vojenská technika,,2098180,
2025-12-08,cs,Vojenská technika,,1929963,
2025-12-09,cs,Vojenská technika,,1946169,
2025-12-10,cs,Vojenská technika,,1925768,
2025-12-11,cs,Vojenská technika,,1879353,
2025-12-12,cs,Vojenská technika,,1788809,
2025-12-13,cs,Vojenská technika,,1958738,
2025-12-14,cs,Vojenská technika,,2034852,
2025-12-15,cs,Vojenská technika,,1950644,
2025-12-16,cs,Vojenská technika,,1732132,
2025-12-17,cs,Vojenská technika,,1686375,
2025-12-18,cs,Vojenská technika,,1607459,
2025-12-19,cs,Vojenská technika,,1599901,
2025-12-20,cs,Vojenská technika,,1786559,
2025-12-21,cs,Vojenská technika,,1825459,
2025-12-22,cs,Vojenská technika,,1681761,
2025-12-23,cs,Vojenská technika,,1794375,
2025-12-24,cs,Vojenská technika,,2039430,
2025-12-25,cs,Vojenská technika,,2331771,
2025-12-26,cs,Vojenská technika,,2314017,
2025-12-27,cs,Vojenská technika,,2141283,
2025-12-28,cs,Vojenská technika,,2246072,
2025-12-29,cs,Vojenská technika,,2048949,
2025-12-30,cs,Vojenská technika,,1977991,
2025-12-31,cs,Vojenská technika,,2245652,
2026-01-01,cs,Vojenská technika,,2668751,
2026-01-02,cs,Vojenská technika,,2297170,
2026-01-03,cs,Vojenská technika,,2449173,
2026-01-04,cs,Vojenská technika,,2436847,
2026-01-05,cs,Vojenská technika,,2188259,
2026-01-06,cs,Vojenská technika,,2190419,
2026-01-07,cs,Vojenská technika,,2089366,
2026-01-08,cs,Vojenská technika,,2041051,
2026-01-09,cs,Vojenská technika,,2128136,
2026-01-10,cs,Vojenská technika,,2216212,
2026-01-11,cs,Vojenská technika,,2349444,
2026-01-12,cs,Vojenská technika,,2047738,
2026-01-13,cs,Vojenská technika,,2036987,
2026-01-14,cs,Vojenská technika,,2062747,
2026-01-15,cs,Vojenská technika,,2115289,
2026-01-16,cs,Vojenská technika,,2076982,
2026-01-17,cs,Vojenská technika,,2286842,
2026-01-18,cs,Vojenská technika,,2275022,
2026-01-19,cs,Vojenská technika,,2140813,
2026-01-20,cs,Vojenská technika,,2080317,
2026-01-21,cs,Vojenská technika,,2036942,
2026-01-22,cs,Vojenská technika,,2003239,
2026-01-23,cs,Vojenská technika,,2083538,
2026-01-24,cs,Vojenská technika,,2220953,
2026-01-25,cs,Vojenská technika,,2349169,
2026-01-26,cs,Vojenská technika,,2114758,
2026-01-27,cs,Vojenská technika,,2109954,
2026-01-28,cs,Vojenská technika,,2054510,
2026-01-29,cs,Vojenská technika,,1977454,
2026-01-30,cs,Vojenská technika,,2003365,
2026-01-31,cs,Vojenská technika,,2278553,
2026-02-01,cs,Vojenská technika,,2305655,
2026-02-02,cs,Vojenská technika,,2199408,
2026-02-03,cs,Vojenská technika,,2133572,
2026-02-04,cs,Vojenská technika,,2133200,
2026-02-05,cs,Vojenská technika,,2075572,
2026-02-06,cs,Vojenská technika,,2331535,
2026-02-07,cs,Vojenská technika,,2403989,
2026-02-08,cs,Vojenská technika,,2483451,
2026-02-09,cs,Vojenská technika,,2123894,
2026-02-10,cs,Vojenská technika,,2040884,
2026-02-11,cs,Vojenská technika,,2056012,
2026-02-12,cs,Vojenská technika,,2018875,
2026-02-13,cs,Vojenská technika,,2100157,
2026-02-14,cs,Vojenská technika,,2095762,
2026-02-15,cs,Vojenská technika,,2143707,
2026-02-16,cs,Vojenská technika,,2002032,
2026-02-17,cs,Vojenská technika,,2009929,
2026-02-18,cs,Vojenská technika,,1989347,
2026-02-19,cs,Vojenská technika,,1956989,
2026-02-20,cs,Vojenská technika,,1933866,
2026-02-21,cs,Vojenská technika,,2190155,
2026-02-22,cs,Vojenská technika,,2464888,
2026-02-23,cs,Vojenská technika,,2003844,
2026-02-24,cs,Vojenská technika,,1899635,
2026-02-25,cs,Vojenská technika,,1789346,
2026-02-26,cs,Vojenská technika,,1783953,
2026-02-27,cs,Vojenská technika,,1768265,
2026-02-28,cs,Vojenská technika,,1868475,
2026-03-01,cs,Vojenská technika,,2181614,
2026-03-02,cs,Vojenská technika,,1852357,
2026-03-03,cs,Vojenská technika,,1786915,
2026-03-04,cs,Vojenská technika,,1790644,
2026-03-05,cs,Vojenská technika,,1725929,
2026-03-06,cs,Vojenská technika,,1658583,
2026-03-07,cs,Vojenská technika,,1796630,
2026-03-08,cs,Vojenská technika,,1966071,
2026-03-09,cs,Vojenská technika,,1882583,
2026-03-10,cs,Vojenská technika,,2007129,
2026-03-11,cs,Vojenská technika,,1998916,
2026-03-12,cs,Vojenská technika,,1775656,
2026-03-13,cs,Vojenská technika,,1774794,
2026-03-14,cs,Vojenská technika,,1911439,
2026-03-15,cs,Vojenská technika,,2024539,
2026-03-16,cs,Vojenská technika,,1955833,
2026-03-17,cs,Vojenská technika,,1989156,
2026-03-18,cs,Vojenská technika,,1906947,
2026-03-19,cs,Vojenská technika,,1856052,
2026-03-20,cs,Vojenská technika,,1803724,
2026-03-21,cs,Vojenská technika,,1959753,
2026-03-22,cs,Vojenská technika,,1938043,
2026-03-23,cs,Vojenská technika,,1792643,
2026-03-24,cs,Vojenská technika,,1777862,
2026-03-25,cs,Vojenská technika,,1766135,
2026-03-26,cs,Vojenská technika,,1791648,
2026-03-27,cs,Vojenská technika,,1727719,
2026-03-28,cs,Vojenská technika,,1851706,
2026-03-29,cs,Vojenská technika,,2081834,
2026-03-30,cs,Vojenská technika,,1846672,
2026-03-31,cs,Vojenská technika,,1860666,
2026-04-01,cs,Vojenská technika,,1702862,
2026-04-02,cs,Vojenská technika,,1588363,
2026-04-03,cs,Vojenská technika,,1820841,
2026-04-04,cs,Vojenská technika,,1937097,
2026-04-05,cs,Vojenská technika,,1826194,
2026-04-06,cs,Vojenská technika,,2012224,
2026-04-07,cs,Vojenská technika,,1946097,
2026-04-08,cs,Vojenská technika,,1741725,
2026-04-09,cs,Vojenská technika,,1784763,
2026-04-10,cs,Vojenská technika,,2006051,
2026-04-11,cs,Vojenská technika,,1970172,
2026-04-12,cs,Vojenská technika,,2095748,
2026-04-13,cs,Vojenská technika,,1844235,
2026-04-14,cs,Vojenská technika,,1759393,
2026-04-15,cs,Vojenská technika,,1779623,
2026-04-16,cs,Vojenská technika,,1769743,
2026-04-17,cs,Vojenská technika,,1840750,
2026-04-18,cs,Vojenská technika,,1671707,
2026-04-19,cs,Vojenská technika,,2062371,
2026-04-20,cs,Vojenská technika,,1901185,
2026-04-21,cs,Vojenská technika,,1868190,
2026-04-22,cs,Vojenská technika,,1793661,
2026-04-23,cs,Vojenská technika,,1730636,
2026-04-24,cs,Vojenská technika,,1664841,
2026-04-25,cs,Vojenská technika,,1638403,
2026-04-26,cs,Vojenská technika,,1911240,
2026-04-27,cs,Vojenská technika,,1786354,
2026-04-28,cs,Vojenská technika,,1949859,
2026-04-29,cs,Vojenská technika,,1812442,
2026-04-30,cs,Vojenská technika,,1631347,
2026-05-01,cs,Vojenská technika,,1797900,
2026-05-02,cs,Vojenská technika,,1870633,
2026-05-03,cs,Vojenská technika,,2012861,
2026-05-04,cs,Vojenská technika,,1874841,
2026-05-05,cs,Vojenská technika,,1877589,
2026-05-06,cs,Vojenská technika,,1877541,
2026-05-07,cs,Vojenská technika,,1888627,
2026-05-08,cs,Vojenská technika,,2007413,
2026-05-09,cs,Vojenská technika,,1856692,
2026-05-10,cs,Vojenská technika,,1859601,
2026-05-11,cs,Vojenská technika,,1915196,
2026-05-12,cs,Vojenská technika,,1996894,
2026-05-13,cs,Vojenská technika,11,1947743,5.6476
2026-05-14,cs,Vojenská technika,10,1923426,5.1991
2026-05-15,cs,Vojenská technika,11,2043440,5.3831
2026-05-16,cs,Vojenská technika,0,2154123,0
2026-05-17,cs,Vojenská technika,7,2095858,3.3399
2026-05-18,cs,Vojenská technika,1,1968017,0.5081
2026-05-19,cs,Vojenská technika,0,2001418,0
2026-05-20,cs,Vojenská technika,3,1973069,1.5205
2026-05-21,cs,Vojenská technika,0,1925148,0
2026-05-22,cs,Vojenská technika,3,1901872,1.5774
2026-05-23,cs,Vojenská technika,0,1840185,0
2026-05-24,cs,Vojenská technika,0,1831881,0
2026-05-25,cs,Vojenská technika,1,1881158,0.5316
2026-05-26,cs,Vojenská technika,0,1920106,0
2026-05-27,cs,Vojenská technika,0,1866068,0
2026-05-28,cs,Vojenská technika,2,1926629,1.0381
2026-05-29,cs,Vojenská technika,1,1773091,0.5640
2026-05-30,cs,Vojenská technika,0,1882619,0
2026-05-31,cs,Vojenská technika,0,2101241,0
2026-06-01,cs,Vojenská technika,3,1971061,1.5220
2026-06-02,cs,Vojenská technika,1,1803519,0.5545
2026-06-03,cs,Vojenská technika,1,1886923,0.5300
2026-06-04,cs,Vojenská technika,2,1823849,1.0966
2026-06-05,cs,Vojenská technika,0,1856415,0
2026-06-06,cs,Vojenská technika,1,1736035,0.5760
2026-06-07,cs,Vojenská technika,2,1888296,1.0592
2026-06-08,cs,Vojenská technika,1,1715297,0.5830
2026-06-09,cs,Vojenská technika,0,1874939,0
2026-06-10,cs,Vojenská technika,0,2165402,0
2026-06-11,cs,Vojenská technika,0,1835014,0
2026-06-12,cs,Vojenská technika,1,1795750,0.5569
2026-06-13,cs,Vojenská technika,3,1847898,1.6235
2026-06-14,cs,Vojenská technika,1,2126265,0.4703
2026-06-15,cs,Vojenská technika,1,1877588,0.5326
2026-06-16,cs,Vojenská technika,2,1747226,1.1447
2026-06-17,cs,Vojenská technika,0,1864029,0
2026-06-18,cs,Vojenská technika,1,1736561,0.5759
2026-06-19,cs,Vojenská technika,2,1654802,1.2086
2026-06-20,cs,Vojenská technika,1,1771703,0.5644
2026-06-21,cs,Vojenská technika,0,1863892,0
2026-06-22,cs,Vojenská technika,0,1706377,0
2026-06-23,cs,Vojenská technika,0,1664762,0
2026-06-24,cs,Vojenská technika,0,1584436,0
2026-06-25,cs,Vojenská technika,0,1510936,0
2026-06-26,cs,Vojenská technika,0,1589415,0
2026-06-27,cs,Vojenská technika,0,1737347,0
2026-06-28,cs,Vojenská technika,0,1779833,0
2026-06-29,cs,Vojenská technika,0,1667194,0
2026-06-30,cs,Vojenská technika,0,1600541,0
2026-07-01,cs,Vojenská technika,0,1746270,0
2026-07-02,cs,Vojenská technika,0,1552404,0
2026-07-03,cs,Vojenská technika,0,1644405,0
2026-07-04,cs,Vojenská technika,1,1730497,0.5779
2026-07-05,cs,Vojenská technika,0,1945028,0
2026-07-06,cs,Vojenská technika,0,1832582,0
2026-07-07,cs,Vojenská technika,0,1637089,0
2026-07-08,cs,Vojenská technika,0,1547982,0
2026-07-09,cs,Vojenská technika,0,1584797,0
2026-07-10,cs,Vojenská technika,0,1566791,0
2026-07-11,cs,Vojenská technika,2,1907447,1.0485
2026-07-12,cs,Vojenská technika,0,1859054,0
2026-07-13,cs,Vojenská technika,0,1642325,0
2026-07-14,cs,Vojenská technika,1,1654889,0.6043
2026-07-15,cs,Vojenská technika,1,1671401,0.5983
2026-07-16,cs,Vojenská technika,0,1656145,0
2026-07-17,cs,Vojenská technika,0,1812602,0
2026-07-18,cs,Vojenská technika,0,1753409,0
2026-07-19,cs,Vojenská technika,0,1991299,0
2026-07-20,cs,Vojenská technika,0,1657659,0
2026-07-21,cs,Vojenská technika,2,1641058,1.2187
2026-07-22,cs,Vojenská technika,2,1645823,1.2152
2026-07-23,cs,Vojenská technika,0,1751583,0
2026-07-24,cs,Vojenská technika,0,1676758,0
2026-07-25,cs,Vojenská technika,1,1696719,0.5894
2026-07-26,cs,Vojenská technika,1,1873149,0.5339
2026-07-27,cs,Vojenská technika,1,1723891,0.5801
2026-07-28,cs,Vojenská technika,0,1648665,0
2026-07-29,cs,Vojenská technika,1,1623640,0.6159
2026-07-30,cs,Vojenská technika,0,1689537,0
2026-07-31,cs,Vojenská technika,1,1766167,0.5662
2026-08-01,cs,Vojenská technika,1,1782496,0.5610
2026-08-02,cs,Vojenská technika,2,1920847,1.0412
2026-08-03,cs,Vojenská technika,0,1739738,0
2026-08-04,cs,Vojenská technika,1,1693943,0.5903
2026-08-05,cs,Vojenská technika,1,1615964,0.6188
2026-08-06,cs,Vojenská technika,0,1623289,0
2026-08-07,cs,Vojenská technika,1,1634300,0.6119
2026-08-08,cs,Vojenská technika,3,1722356,1.7418
2026-08-09,cs,Vojenská technika,0,1721245,0
2026-08-10,cs,Vojenská technika,0,1590541,0
2026-08-11,cs,Vojenská technika,0,1649174,0
2026-08-12,cs,Vojenská technika,0,1528789,0
2026-08-13,cs,Vojenská technika,1,1499951,0.6667
2026-08-14,cs,Vojenská technika,0,1568086,0
2026-08-15,cs,Vojenská technika,2,1799983,1.1111
2026-08-16,cs,Vojenská technika,1,1741118,0.5743
2026-08-17,cs,Vojenská technika,1,1698474,0.5888
2026-08-18,cs,Vojenská technika,1,1671366,0.5983
2026-08-19,cs,Vojenská technika,1,1580292,0.6328
2026-08-20,cs,Vojenská technika,4,1609862,2.4847
2026-08-21,cs,Vojenská technika,3,1717438,1.7468
2026-08-22,cs,Vojenská technika,0,1718303,0
2026-08-23,cs,Vojenská technika,1,1693096,0.5906
2026-08-24,cs,Vojenská technika,3,1561020,1.9218
2026-08-25,cs,Vojenská technika,0,1589662,0
2026-08-26,cs,Vojenská technika,5,1617915,3.0904
2026-08-27,cs,Vojenská technika,2,1607991,1.2438
2026-08-28,cs,Vojenská technika,2,1703407,1.1741
2026-08-29,cs,Vojenská technika,0,1641393,0
2026-08-30,cs,Vojenská technika,4,1661896,2.4069
2026-08-31,cs,Vojenská technika,0,1563835,0
2026-09-01,cs,Vojenská technika,2,1535071,1.3029
2026-09-02,cs,Vojenská technika,1,1580617,0.6327
2026-09-03,cs,Vojenská technika,0,1583024,0
2026-09-04,cs,Vojenská technika,0,1607886,0
2026-09-05,cs,Vojenská technika,1,1660790,0.6021
2026-09-06,cs,Vojenská technika,2,1717612,1.1644
2026-09-07,cs,Vojenská technika,0,1750318,0
2026-09-08,cs,Vojenská technika,0,1607148,0
2026-09-09,cs,Vojenská technika,1,1767656,0.5657
2026-09-10,cs,Vojenská technika,1,1769269,0.5652
2026-09-11,cs,Vojenská technika,1,1740492,0.5746
2026-09-12,cs,Vojenská technika,4,1688897,2.3684
2026-09-13,cs,Vojenská technika,0,1846746,0
2026-09-14,cs,Vojenská technika,2,1652549,1.2103
2026-09-15,cs,Vojenská technika,2,1570529,1.2735
2026-09-16,cs,Vojenská technika,0,1672825,0
2026-09-17,cs,Vojenská technika,2,1582415,1.2639
2026-09-18,cs,Vojenská technika,2,1591607,1.2566
2026-09-19,cs,Vojenská technika,1,1651126,0.6056
2026-09-20,cs,Vojenská technika,1,1727588,0.5788
2026-09-21,cs,Vojenská technika,1,1690139,0.5917
2026-09-22,cs,Vojenská technika,2,1639860,1.2196
2024-09-22,uk,Військова техніка,15,2435959,6.1577
2024-09-23,uk,Військова техніка,37,2739612,13.5056
2024-09-24,uk,Військова техніка,51,2774956,18.3787
2024-09-25,uk,Військова техніка,36,2732894,13.1728
2024-09-26,uk,Військова техніка,40,2606545,15.3460
2024-09-27,uk,Військова техніка,30,2534002,11.8390
2024-09-28,uk,Військова техніка,20,2263975,8.8340
2024-09-29,uk,Військова техніка,13,2651806,4.9023
2024-09-30,uk,Військова техніка,28,2853822,9.8114
2024-10-01,uk,Військова техніка,28,2845211,9.8411
2024-10-02,uk,Військова техніка,32,2823652,11.3328
2024-10-03,uk,Військова техніка,31,2700053,11.4813
2024-10-04,uk,Військова техніка,25,2457995,10.1709
2024-10-05,uk,Військова техніка,21,2357985,8.9059
2024-10-06,uk,Військова техніка,31,2622592,11.8204
2024-10-07,uk,Військова техніка,37,2882408,12.8365
2024-10-08,uk,Військова техніка,35,2871278,12.1897
2024-10-09,uk,Військова техніка,45,2831316,15.8937
2024-10-10,uk,Військова техніка,43,2965487,14.5001
2024-10-11,uk,Військова техніка,24,2618243,9.1665
2024-10-12,uk,Військова техніка,20,2290359,8.7323
2024-10-13,uk,Військова техніка,19,2596280,7.3182
2024-10-14,uk,Військова техніка,13,2923243,4.4471
2024-10-15,uk,Військова техніка,21,2873867,7.3072
2024-10-16,uk,Військова техніка,30,3149190,9.5263
2024-10-17,uk,Військова техніка,31,2854454,10.8602
2024-10-18,uk,Військова техніка,24,2521183,9.5193
2024-10-19,uk,Військова техніка,14,2287380,6.1205
2024-10-20,uk,Військова техніка,21,2572339,8.1638
2024-10-21,uk,Військова техніка,32,2815489,11.3657
2024-10-22,uk,Військова техніка,31,2865926,10.8167
2024-10-23,uk,Військова техніка,21,2863372,7.3340
2024-10-24,uk,Військова техніка,22,2752127,7.9938
2024-10-25,uk,Військова техніка,22,2513839,8.7516
2024-10-26,uk,Військова техніка,22,2282454,9.6387
2024-10-27,uk,Військова техніка,16,2484722,6.4394
2024-10-28,uk,Військова техніка,33,2656596,12.4219
2024-10-29,uk,Військова техніка,38,2641954,14.3833
2024-10-30,uk,Військова техніка,28,2577200,10.8645
2024-10-31,uk,Військова техніка,20,2516070,7.9489
2024-11-01,uk,Військова техніка,22,2493052,8.8245
2024-11-02,uk,Військова техніка,25,2387303,10.4721
2024-11-03,uk,Військова техніка,21,2609669,8.0470
2024-11-04,uk,Військова техніка,44,2908578,15.1277
2024-11-05,uk,Військова техніка,44,2953392,14.8981
2024-11-06,uk,Військова техніка,29,3078543,9.4200
2024-11-07,uk,Військова техніка,47,2810178,16.7249
2024-11-08,uk,Військова техніка,36,2640111,13.6358
2024-11-09,uk,Військова техніка,14,2530482,5.5325
2024-11-10,uk,Військова техніка,18,2799618,6.4294
2024-11-11,uk,Військова техніка,33,2942443,11.2152
2024-11-12,uk,Військова техніка,36,2912014,12.3626
2024-11-13,uk,Військова техніка,25,2875720,8.6935
2024-11-14,uk,Військова техніка,29,2857965,10.1471
2024-11-15,uk,Військова техніка,29,2661995,10.8941
2024-11-16,uk,Військова техніка,22,2493725,8.8221
2024-11-17,uk,Військова техніка,25,2674600,9.3472
2024-11-18,uk,Військова техніка,32,2933132,10.9098
2024-11-19,uk,Військова техніка,38,3136752,12.1144
2024-11-20,uk,Військова техніка,34,2872682,11.8356
2024-11-21,uk,Військова техніка,34,3387642,10.0365
2024-11-22,uk,Військова техніка,44,2720882,16.1712
2024-11-23,uk,Військова техніка,26,2668014,9.7451
2024-11-24,uk,Військова техніка,46,2905500,15.8320
2024-11-25,uk,Військова техніка,28,3017990,9.2777
2024-11-26,uk,Військова техніка,36,2962199,12.1531
2024-11-27,uk,Військова техніка,20,2912665,6.8666
2024-11-28,uk,Військова техніка,24,2519180,9.5269
2024-11-29,uk,Військова техніка,24,2654911,9.0399
2024-11-30,uk,Військова техніка,33,2514123,13.1258
2024-12-01,uk,Військова техніка,25,2753557,9.0792
2024-12-02,uk,Військова техніка,24,2858237,8.3968
2024-12-03,uk,Військова техніка,35,2808044,12.4642
2024-12-04,uk,Військова техніка,36,2863878,12.5704
2024-12-05,uk,Військова техніка,43,2641371,16.2794
2024-12-06,uk,Військова техніка,31,2443829,12.6850
2024-12-07,uk,Військова техніка,15,2438337,6.1517
2024-12-08,uk,Військова техніка,24,2870214,8.3617
2024-12-09,uk,Військова техніка,29,2995445,9.6814
2024-12-10,uk,Військова техніка,32,2897948,11.0423
2024-12-11,uk,Військова техніка,29,2928306,9.9033
2024-12-12,uk,Військова техніка,32,2840742,11.2647
2024-12-13,uk,Військова техніка,22,2559615,8.5950
2024-12-14,uk,Військова техніка,20,2422131,8.2572
2024-12-15,uk,Військова техніка,22,2691562,8.1737
2024-12-16,uk,Військова техніка,23,2954433,7.7849
2024-12-17,uk,Військова техніка,29,2929144,9.9005
2024-12-18,uk,Військова техніка,42,2845089,14.7623
2024-12-19,uk,Військова техніка,30,2835181,10.5813
2024-12-20,uk,Військова техніка,32,2658984,12.0347
2024-12-21,uk,Військова техніка,16,2608986,6.1327
2024-12-22,uk,Військова техніка,11,2853375,3.8551
2024-12-23,uk,Військова техніка,36,2758220,13.0519
2024-12-24,uk,Військова техніка,26,2700837,9.6266
2024-12-25,uk,Військова техніка,20,2809128,7.1196
2024-12-26,uk,Військова техніка,22,2735454,8.0425
2024-12-27,uk,Військова техніка,16,2572156,6.2205
2024-12-28,uk,Військова техніка,13,2611545,4.9779
2024-12-29,uk,Військова техніка,9,2721268,3.3073
2024-12-30,uk,Військова техніка,19,2541529,7.4758
2024-12-31,uk,Військова техніка,16,2282930,7.0085
2025-01-01,uk,Військова техніка,14,2639428,5.3042
2025-01-02,uk,Військова техніка,16,2621063,6.1044
2025-01-03,uk,Військова техніка,29,2856017,10.1540
2025-01-04,uk,Військова техніка,23,2910467,7.9025
2025-01-05,uk,Військова техніка,9,2867318,3.1388
2025-01-06,uk,Військова техніка,17,2869905,5.9235
2025-01-07,uk,Військова техніка,24,2874669,8.3488
2025-01-08,uk,Військова техніка,23,2870461,8.0127
2025-01-09,uk,Військова техніка,20,2876537,6.9528
2025-01-10,uk,Військова техніка,20,2786771,7.1768
2025-01-11,uk,Військова техніка,12,2701109,4.4426
2025-01-12,uk,Військова техніка,21,2833461,7.4114
2025-01-13,uk,Військова техніка,34,3044608,11.1673
2025-01-14,uk,Військова техніка,23,3133619,7.3398
2025-01-15,uk,Військова техніка,17,3213171,5.2907
2025-01-16,uk,Військова техніка,25,3216291,7.7729
2025-01-17,uk,Військова техніка,22,2795187,7.8707
2025-01-18,uk,Військова техніка,28,2624292,10.6695
2025-01-19,uk,Військова техніка,19,2946768,6.4477
2025-01-20,uk,Військова техніка,36,3321841,10.8374
2025-01-21,uk,Військова техніка,23,3493745,6.5832
2025-01-22,uk,Військова техніка,37,3465784,10.6758
2025-01-23,uk,Військова техніка,35,3460559,10.1140
2025-01-24,uk,Військова техніка,22,3152133,6.9794
2025-01-25,uk,Військова техніка,17,3002338,5.6623
2025-01-26,uk,Військова техніка,15,3289198,4.5604
2025-01-27,uk,Військова техніка,30,3389731,8.8503
2025-01-28,uk,Військова техніка,30,3257775,9.2087
2025-01-29,uk,Військова техніка,29,3287915,8.8202
2025-01-30,uk,Військова техніка,30,3220318,9.3159
2025-01-31,uk,Військова техніка,38,3089330,12.3004
2025-02-01,uk,Військова техніка,29,2902709,9.9907
2025-02-02,uk,Військова техніка,24,3163578,7.5863
2025-02-03,uk,Військова техніка,30,3187378,9.4121
2025-02-04,uk,Військова техніка,15,3169422,4.7327
2025-02-05,uk,Військова техніка,39,3096087,12.5965
2025-02-06,uk,Військова техніка,32,2957716,10.8192
2025-02-07,uk,Військова техніка,31,2699676,11.4829
2025-02-08,uk,Військова техніка,22,2598201,8.4674
2025-02-09,uk,Військова техніка,15,2798441,5.3601
2025-02-10,uk,Військова техніка,26,2838772,9.1589
2025-02-11,uk,Військова техніка,26,2900201,8.9649
2025-02-12,uk,Військова техніка,21,3022291,6.9484
2025-02-13,uk,Військова техніка,17,2992249,5.6813
2025-02-14,uk,Військова техніка,21,2683659,7.8251
2025-02-15,uk,Військова техніка,18,2603089,6.9149
2025-02-16,uk,Військова техніка,15,3019808,4.9672
2025-02-17,uk,Військова техніка,24,2968651,8.0845
2025-02-18,uk,Військова техніка,18,2929825,6.1437
2025-02-19,uk,Військова техніка,29,3077038,9.4246
2025-02-20,uk,Військова техніка,23,3180493,7.2316
2025-02-21,uk,Військова техніка,21,3029482,6.9319
2025-02-22,uk,Військова техніка,22,2865778,7.6768
2025-02-23,uk,Військова техніка,12,3194538,3.7564
2025-02-24,uk,Військова техніка,25,2968396,8.4221
2025-02-25,uk,Військова техніка,21,2808484,7.4773
2025-02-26,uk,Військова техніка,26,2850150,9.1223
2025-02-27,uk,Військова техніка,37,2826849,13.0888
2025-02-28,uk,Військова техніка,18,2618827,6.8733
2025-03-01,uk,Військова техніка,9,2433970,3.6977
2025-03-02,uk,Військова техніка,24,2752453,8.7195
2025-03-03,uk,Військова техніка,13,2918673,4.4541
2025-03-04,uk,Військова техніка,24,2770870,8.6615
2025-03-05,uk,Військова техніка,23,2764308,8.3203
2025-03-06,uk,Військова техніка,26,2649624,9.8127
2025-03-07,uk,Військова техніка,17,2491316,6.8237
2025-03-08,uk,Військова техніка,16,2220216,7.2065
2025-03-09,uk,Військова техніка,7,2720522,2.5730
2025-03-10,uk,Військова техніка,24,2919559,8.2204
2025-03-11,uk,Військова техніка,35,2749968,12.7274
2025-03-12,uk,Військова техніка,18,2680374,6.7155
2025-03-13,uk,Військова техніка,20,2664415,7.5063
2025-03-14,uk,Військова техніка,25,2671783,9.3570
2025-03-15,uk,Військова техніка,32,2562532,12.4876
2025-03-16,uk,Військова техніка,25,2795355,8.9434
2025-03-17,uk,Військова техніка,22,2873032,7.6574
2025-03-18,uk,Військова техніка,17,2791737,6.0894
2025-03-19,uk,Військова техніка,20,2692920,7.4269
2025-03-20,uk,Військова техніка,30,2721826,11.0220
2025-03-21,uk,Військова техніка,20,2347752,8.5188
2025-03-22,uk,Військова техніка,12,2175548,5.5159
2025-03-23,uk,Військова техніка,6,2434437,2.4646
2025-03-24,uk,Військова техніка,19,2442380,7.7793
2025-03-25,uk,Військова техніка,20,2417115,8.2743
2025-03-26,uk,Військова техніка,29,2301491,12.6005
2025-03-27,uk,Військова техніка,18,2263620,7.9519
2025-03-28,uk,Військова техніка,18,2171969,8.2874
2025-03-29,uk,Військова техніка,11,2164599,5.0818
2025-03-30,uk,Військова техніка,13,2386022,5.4484
2025-03-31,uk,Військова техніка,20,2554734,7.8286
2025-04-01,uk,Військова техніка,16,2536006,6.3091
2025-04-02,uk,Військова техніка,24,2636429,9.1032
2025-04-03,uk,Військова техніка,28,2459185,11.3859
2025-04-04,uk,Військова техніка,17,2224468,7.6423
2025-04-05,uk,Військова техніка,25,2280440,10.9628
2025-04-06,uk,Військова техніка,14,2595223,5.3945
2025-04-07,uk,Військова техніка,24,2692052,8.9151
2025-04-08,uk,Військова техніка,25,2698634,9.2639
2025-04-09,uk,Військова техніка,17,2597442,6.5449
2025-04-10,uk,Військова техніка,26,2579329,10.0801
2025-04-11,uk,Військова техніка,24,2432760,9.8653
2025-04-12,uk,Військова техніка,12,2186591,5.4880
2025-04-13,uk,Військова техніка,10,2350101,4.2551
2025-04-14,uk,Військова техніка,30,2479646,12.0985
2025-04-15,uk,Військова техніка,24,2445702,9.8131
2025-04-16,uk,Військова техніка,21,2332513,9.0032
2025-04-17,uk,Військова техніка,15,2213531,6.7765
2025-04-18,uk,Військова техніка,19,2176259,8.7306
2025-04-19,uk,Військова техніка,13,1964460,6.6176
2025-04-20,uk,Військова техніка,9,2187727,4.1139
2025-04-21,uk,Військова техніка,14,2662589,5.2580
2025-04-22,uk,Військова техніка,15,2469482,6.0741
2025-04-23,uk,Військова техніка,22,2425693,9.0696
2025-04-24,uk,Військова техніка,18,2337661,7.7000
2025-04-25,uk,Військова техніка,20,2299542,8.6974
2025-04-26,uk,Військова техніка,11,2230683,4.9312
2025-04-27,uk,Військова техніка,10,2428024,4.1186
2025-04-28,uk,Військова техніка,23,2437618,9.4354
2025-04-29,uk,Військова техніка,12,2420675,4.9573
2025-04-30,uk,Військова техніка,11,2366413,4.6484
2025-05-01,uk,Військова техніка,15,3148342,4.7644
2025-05-02,uk,Військова техніка,16,2302827,6.9480
2025-05-03,uk,Військова техніка,10,1869103,5.3502
2025-05-04,uk,Військова техніка,4,2130326,1.8776
2025-05-05,uk,Військова техніка,11,2478773,4.4377
2025-05-06,uk,Військова техніка,20,2647112,7.5554
2025-05-07,uk,Військова техніка,15,2555718,5.8692
2025-05-08,uk,Військова техніка,19,2690046,7.0631
2025-05-09,uk,Військова техніка,17,2474240,6.8708
2025-05-10,uk,Військова техніка,15,2208625,6.7916
2025-05-11,uk,Військова техніка,12,2319786,5.1729
2025-05-12,uk,Військова техніка,13,2197035,5.9171
2025-05-13,uk,Військова техніка,17,2240449,7.5878
2025-05-14,uk,Військова техніка,20,2375826,8.4181
2025-05-15,uk,Військова техніка,15,2288150,6.5555
2025-05-16,uk,Військова техніка,14,2062879,6.7866
2025-05-17,uk,Військова техніка,3,2101041,1.4279
2025-05-18,uk,Військова техніка,9,2252364,3.9958
2025-05-19,uk,Військова техніка,21,2259157,9.2955
2025-05-20,uk,Військова техніка,25,2179057,11.4729
2025-05-21,uk,Військова техніка,19,2182480,8.7057
2025-05-22,uk,Військова техніка,12,2057656,5.8319
2025-05-23,uk,Військова техніка,7,2050863,3.4132
2025-05-24,uk,Військова техніка,19,1941008,9.7887
2025-05-25,uk,Військова техніка,10,2086811,4.7920
2025-05-26,uk,Військова техніка,14,2136062,6.5541
2025-05-27,uk,Військова техніка,12,2064170,5.8135
2025-05-28,uk,Військова техніка,7,2097967,3.3366
2025-05-29,uk,Військова техніка,9,2035392,4.4218
2025-05-30,uk,Військова техніка,7,1790154,3.9103
2025-05-31,uk,Військова техніка,2,1816884,1.1008
2025-06-01,uk,Військова техніка,2,1859830,1.0754
2025-06-02,uk,Військова техніка,9,1827386,4.9251
2025-06-03,uk,Військова техніка,13,1915655,6.7862
2025-06-04,uk,Військова техніка,9,1849932,4.8650
2025-06-05,uk,Військова техніка,18,1777314,10.1276
2025-06-06,uk,Військова техніка,8,1656602,4.8292
2025-06-07,uk,Військова техніка,9,1638577,5.4926
2025-06-08,uk,Військова техніка,6,1906302,3.1475
2025-06-09,uk,Військова техніка,11,1920070,5.7290
2025-06-10,uk,Військова техніка,11,1762210,6.2422
2025-06-11,uk,Військова техніка,8,1747662,4.5775
2025-06-12,uk,Військова техніка,4,1716674,2.3301
2025-06-13,uk,Військова техніка,11,1788076,6.1519
2025-06-14,uk,Військова техніка,4,1695409,2.3593
2025-06-15,uk,Військова техніка,10,1815010,5.5096
2025-06-16,uk,Військова техніка,7,1768512,3.9581
2025-06-17,uk,Військова техніка,9,1627181,5.5310
2025-06-18,uk,Військова техніка,2,1643907,1.2166
2025-06-19,uk,Військова техніка,9,1692140,5.3187
2025-06-20,uk,Військова техніка,10,1681407,5.9474
2025-06-21,uk,Військова техніка,6,1644962,3.6475
2025-06-22,uk,Військова техніка,6,1789076,3.3537
2025-06-23,uk,Військова техніка,8,1734121,4.6133
2025-06-24,uk,Військова техніка,18,1740300,10.3430
2025-06-25,uk,Військова техніка,7,1655635,4.2280
2025-06-26,uk,Військова техніка,6,1846799,3.2489
2025-06-27,uk,Військова техніка,6,2093546,2.8660
2025-06-28,uk,Військова техніка,4,2039218,1.9615
2025-06-29,uk,Військова техніка,8,2100853,3.8080
2025-06-30,uk,Військова техніка,12,1718310,6.9836
2025-07-01,uk,Військова техніка,18,1602224,11.2344
2025-07-02,uk,Військова техніка,8,1564478,5.1135
2025-07-03,uk,Військова техніка,15,1609074,9.3221
2025-07-04,uk,Військова техніка,16,1532498,10.4405
2025-07-05,uk,Військова техніка,8,1703302,4.6968
2025-07-06,uk,Військова техніка,12,1671592,7.1788
2025-07-07,uk,Військова техніка,14,1698862,8.2408
2025-07-08,uk,Військова техніка,13,1691581,7.6851
2025-07-09,uk,Військова техніка,16,1715814,9.3250
2025-07-10,uk,Військова техніка,16,1744420,9.1721
2025-07-11,uk,Військова техніка,8,2071554,3.8618
2025-07-12,uk,Військова техніка,9,1975259,4.5564
2025-07-13,uk,Військова техніка,7,2127427,3.2904
2025-07-14,uk,Військова техніка,19,2296835,8.2723
2025-07-15,uk,Військова техніка,10,2044152,4.8920
2025-07-16,uk,Військова техніка,6,1813101,3.3092
2025-07-17,uk,Військова техніка,12,1856432,6.4640
2025-07-18,uk,Військова техніка,7,1779055,3.9347
2025-07-19,uk,Військова техніка,10,2270566,4.4042
2025-07-20,uk,Військова техніка,13,2666489,4.8753
2025-07-21,uk,Військова техніка,9,2556054,3.5211
2025-07-22,uk,Військова техніка,7,2439701,2.8692
2025-07-23,uk,Військова техніка,7,2163471,3.2355
2025-07-24,uk,Військова техніка,8,2336432,3.4240
2025-07-25,uk,Військова техніка,11,2226398,4.9407
2025-07-26,uk,Військова техніка,9,2043073,4.4051
2025-07-27,uk,Військова техніка,9,2220526,4.0531
2025-07-28,uk,Військова техніка,11,2538075,4.3340
2025-07-29,uk,Військова техніка,10,2067258,4.8373
2025-07-30,uk,Військова техніка,9,2072273,4.3431
2025-07-31,uk,Військова техніка,5,2111502,2.3680
2025-08-01,uk,Військова техніка,13,1852425,7.0178
2025-08-02,uk,Військова техніка,10,1816532,5.5050
2025-08-03,uk,Військова техніка,5,2028477,2.4649
2025-08-04,uk,Військова техніка,10,1971963,5.0711
2025-08-05,uk,Військова техніка,10,1882321,5.3126
2025-08-06,uk,Військова техніка,11,1910708,5.7570
2025-08-07,uk,Військова техніка,8,1814731,4.4084
2025-08-08,uk,Військова техніка,6,1788584,3.3546
2025-08-09,uk,Військова техніка,5,1769884,2.8250
2025-08-10,uk,Військова техніка,12,1891320,6.3448
2025-08-11,uk,Військова техніка,14,2133502,6.5620
2025-08-12,uk,Військова техніка,4,2218066,1.8034
2025-08-13,uk,Військова техніка,7,2265294,3.0901
2025-08-14,uk,Військова техніка,14,1931580,7.2480
2025-08-15,uk,Військова техніка,7,1808997,3.8695
2025-08-16,uk,Військова техніка,9,1660928,5.4187
2025-08-17,uk,Військова техніка,4,1870390,2.1386
2025-08-18,uk,Військова техніка,8,1935145,4.1341
2025-08-19,uk,Військова техніка,9,1913710,4.7029
2025-08-20,uk,Військова техніка,10,1794695,5.5720
2025-08-21,uk,Військова техніка,7,2006704,3.4883
2025-08-22,uk,Військова техніка,10,2007244,4.9820
2025-08-23,uk,Військова техніка,11,1848449,5.9509
2025-08-24,uk,Військова техніка,4,2038391,1.9623
2025-08-25,uk,Військова техніка,8,1895726,4.2200
2025-08-26,uk,Військова техніка,10,2162939,4.6233
2025-08-27,uk,Військова техніка,14,3001245,4.6647
2025-08-28,uk,Військова техніка,11,2324641,4.7319
2025-08-29,uk,Військова техніка,14,2029743,6.8974
2025-08-30,uk,Військова техніка,6,2338032,2.5663
2025-08-31,uk,Військова техніка,11,1889451,5.8218
2025-09-01,uk,Військова техніка,16,1830012,8.7431
2025-09-02,uk,Військова техніка,16,1982903,8.0690
2025-09-03,uk,Військова техніка,18,1969738,9.1383
2025-09-04,uk,Військова техніка,12,1957258,6.1310
2025-09-05,uk,Військова техніка,15,1914472,7.8351
2025-09-06,uk,Військова техніка,11,1847140,5.9552
2025-09-07,uk,Військова техніка,6,1969943,3.0458
2025-09-08,uk,Військова техніка,9,2047913,4.3947
2025-09-09,uk,Військова техніка,11,2069611,5.3150
2025-09-10,uk,Військова техніка,9,2216182,4.0610
2025-09-11,uk,Військова техніка,14,2028137,6.9029
2025-09-12,uk,Військова техніка,9,1938985,4.6416
2025-09-13,uk,Військова техніка,12,1880302,6.3820
2025-09-14,uk,Військова техніка,8,2098787,3.8117
2025-09-15,uk,Військова техніка,9,2106765,4.2720
2025-09-16,uk,Військова техніка,10,2091921,4.7803
2025-09-17,uk,Військова техніка,11,2107118,5.2204
2025-09-18,uk,Військова техніка,13,2102520,6.1831
2025-09-19,uk,Військова техніка,14,2087208,6.7075
2025-09-20,uk,Військова техніка,7,1941746,3.6050
2025-09-21,uk,Військова техніка,8,2164661,3.6957
2025-09-22,uk,Військова техніка,12,2232957,5.3740
2025-09-23,uk,Військова техніка,30,2172286,13.8103
2025-09-24,uk,Військова техніка,12,2149082,5.5838
2025-09-25,uk,Військова техніка,7,2123485,3.2965
2025-09-26,uk,Військова техніка,12,1986047,6.0422
2025-09-27,uk,Військова техніка,7,1836409,3.8118
2025-09-28,uk,Військова техніка,8,2106197,3.7983
2025-09-29,uk,Військова техніка,8,2164121,3.6967
2025-09-30,uk,Військова техніка,7,2132800,3.2821
2025-10-01,uk,Військова техніка,17,2169113,7.8373
2025-10-02,uk,Військова техніка,9,3818036,2.3572
2025-10-03,uk,Військова техніка,13,1914742,6.7894
2025-10-04,uk,Військова техніка,5,1891432,2.6435
2025-10-05,uk,Військова техніка,11,2053667,5.3563
2025-10-06,uk,Військова техніка,14,2085628,6.7126
2025-10-07,uk,Військова техніка,12,2138023,5.6127
2025-10-08,uk,Військова техніка,19,2079944,9.1349
2025-10-09,uk,Військова техніка,13,2135513,6.0875
2025-10-10,uk,Військова техніка,17,1908130,8.9092
2025-10-11,uk,Військова техніка,4,1907270,2.0972
2025-10-12,uk,Військова техніка,9,2040008,4.4117
2025-10-13,uk,Військова техніка,20,2082717,9.6028
2025-10-14,uk,Військова техніка,10,2090777,4.7829
2025-10-15,uk,Військова техніка,14,2030415,6.8951
2025-10-16,uk,Військова техніка,25,1923554,12.9968
2025-10-17,uk,Військова техніка,9,1871715,4.8084
2025-10-18,uk,Військова техніка,3,1845480,1.6256
2025-10-19,uk,Військова техніка,11,2040809,5.3900
2025-10-20,uk,Військова техніка,15,2116372,7.0876
2025-10-21,uk,Військова техніка,11,2163214,5.0850
2025-10-22,uk,Військова техніка,13,1936896,6.7118
2025-10-23,uk,Військова техніка,11,2243369,4.9033
2025-10-24,uk,Військова техніка,14,2817746,4.9685
2025-10-25,uk,Військова техніка,10,2147900,4.6557
2025-10-26,uk,Військова техніка,5,2131954,2.3453
2025-10-27,uk,Військова техніка,9,1978087,4.5499
2025-10-28,uk,Військова техніка,23,1947074,11.8126
2025-10-29,uk,Військова техніка,9,2657052,3.3872
2025-10-30,uk,Військова техніка,16,1971961,8.1138
2025-10-31,uk,Військова техніка,18,1906064,9.4435
2025-11-01,uk,Військова техніка,10,1942801,5.1472
2025-11-02,uk,Військова техніка,6,2100234,2.8568
2025-11-03,uk,Військова техніка,11,2153350,5.1083
2025-11-04,uk,Військова техніка,9,2139080,4.2074
2025-11-05,uk,Військова техніка,12,2066994,5.8055
2025-11-06,uk,Військова техніка,6,2026890,2.9602
2025-11-07,uk,Військова техніка,11,2049012,5.3684
2025-11-08,uk,Військова техніка,11,1965255,5.5972
2025-11-09,uk,Військова техніка,9,2154751,4.1768
2025-11-10,uk,Військова техніка,9,2191669,4.1065
2025-11-11,uk,Військова техніка,11,2745102,4.0071
2025-11-12,uk,Військова техніка,18,2540883,7.0842
2025-11-13,uk,Військова техніка,14,2494524,5.6123
2025-11-14,uk,Військова техніка,11,3119172,3.5266
2025-11-15,uk,Військова техніка,8,2252967,3.5509
2025-11-16,uk,Військова техніка,11,2719635,4.0447
2025-11-17,uk,Військова техніка,11,2633650,4.1767
2025-11-18,uk,Військова техніка,15,2109826,7.1096
2025-11-19,uk,Військова техніка,9,1988445,4.5261
2025-11-20,uk,Військова техніка,12,1833683,6.5442
2025-11-21,uk,Військова техніка,14,1902726,7.3579
2025-11-22,uk,Військова техніка,7,2116783,3.3069
2025-11-23,uk,Військова техніка,4,2231947,1.7922
2025-11-24,uk,Військова техніка,8,2490772,3.2119
2025-11-25,uk,Військова техніка,13,2162533,6.0115
2025-11-26,uk,Військова техніка,16,2154391,7.4267
2025-11-27,uk,Військова техніка,10,2192608,4.5608
2025-11-28,uk,Військова техніка,10,2175897,4.5958
2025-11-29,uk,Військова техніка,8,2129258,3.7572
2025-11-30,uk,Військова техніка,9,2352847,3.8252
2025-12-01,uk,Військова техніка,13,1971319,6.5946
2025-12-02,uk,Військова техніка,15,1891392,7.9307
2025-12-03,uk,Військова техніка,8,1860431,4.3001
2025-12-04,uk,Військова техніка,11,1844763,5.9628
2025-12-05,uk,Військова техніка,7,1784872,3.9218
2025-12-06,uk,Військова техніка,6,1696844,3.5360
2025-12-07,uk,Військова техніка,7,1869462,3.7444
2025-12-08,uk,Військова техніка,8,1807477,4.4261
2025-12-09,uk,Військова техніка,5,1878405,2.6618
2025-12-10,uk,Військова техніка,8,1867709,4.2833
2025-12-11,uk,Військова техніка,14,1884970,7.4272
2025-12-12,uk,Військова техніка,15,1958893,7.6574
2025-12-13,uk,Військова техніка,10,1868928,5.3507
2025-12-14,uk,Військова техніка,8,1925644,4.1545
2025-12-15,uk,Військова техніка,6,1880820,3.1901
2025-12-16,uk,Військова техніка,5,1794150,2.7868
2025-12-17,uk,Військова техніка,17,1798411,9.4528
2025-12-18,uk,Військова техніка,11,1732349,6.3498
2025-12-19,uk,Військова техніка,4,1697468,2.3565
2025-12-20,uk,Військова техніка,7,1761643,3.9736
2025-12-21,uk,Військова техніка,4,1834923,2.1799
2025-12-22,uk,Військова техніка,12,1743658,6.8821
2025-12-23,uk,Військова техніка,3,1628965,1.8417
2025-12-24,uk,Військова техніка,7,1580733,4.4283
2025-12-25,uk,Військова техніка,5,1782689,2.8048
2025-12-26,uk,Військова техніка,5,1687441,2.9631
2025-12-27,uk,Військова техніка,1,1774959,0.5634
2025-12-28,uk,Військова техніка,5,1806762,2.7674
2025-12-29,uk,Військова техніка,6,1691699,3.5467
2025-12-30,uk,Військова техніка,4,1595477,2.5071
2025-12-31,uk,Військова техніка,5,1594100,3.1366
2026-01-01,uk,Військова техніка,2,1887011,1.0599
2026-01-02,uk,Військова техніка,6,2191377,2.7380
2026-01-03,uk,Військова техніка,14,2243742,6.2396
2026-01-04,uk,Військова техніка,7,2199942,3.1819
2026-01-05,uk,Військова техніка,12,2173622,5.5207
2026-01-06,uk,Військова техніка,18,1951966,9.2215
2026-01-07,uk,Військова техніка,7,1939573,3.6090
2026-01-08,uk,Військова техніка,10,1923074,5.2000
2026-01-09,uk,Військова техніка,7,2032683,3.4437
2026-01-10,uk,Військова техніка,3,1935335,1.5501
2026-01-11,uk,Військова техніка,6,2019903,2.9704
2026-01-12,uk,Військова техніка,6,1877754,3.1953
2026-01-13,uk,Військова техніка,5,1720904,2.9054
2026-01-14,uk,Військова техніка,6,1724656,3.4790
2026-01-15,uk,Військова техніка,9,1783337,5.0467
2026-01-16,uk,Військова техніка,10,3673325,2.7223
2026-01-17,uk,Військова техніка,1,1922278,0.5202
2026-01-18,uk,Військова техніка,1,1878638,0.5323
2026-01-19,uk,Військова техніка,10,1761224,5.6779
2026-01-20,uk,Військова техніка,14,1738809,8.0515
2026-01-21,uk,Військова техніка,7,1743825,4.0142
2026-01-22,uk,Військова техніка,3,1754022,1.7104
2026-01-23,uk,Військова техніка,5,1738194,2.8765
2026-01-24,uk,Військова техніка,1,1739888,0.5747
2026-01-25,uk,Військова техніка,3,1921810,1.5610
2026-01-26,uk,Військова техніка,8,1868814,4.2808
2026-01-27,uk,Військова техніка,11,1796915,6.1216
2026-01-28,uk,Військова техніка,9,1771869,5.0794
2026-01-29,uk,Військова техніка,23,1864621,12.3349
2026-01-30,uk,Військова техніка,13,1866174,6.9661
2026-01-31,uk,Військова техніка,10,1826691,5.4744
2026-02-01,uk,Військова техніка,4,1974122,2.0262
2026-02-02,uk,Військова техніка,10,1965349,5.0882
2026-02-03,uk,Військова техніка,8,1939556,4.1247
2026-02-04,uk,Військова техніка,8,1856778,4.3085
2026-02-05,uk,Військова техніка,10,1742712,5.7382
2026-02-06,uk,Військова техніка,7,1908060,3.6686
2026-02-07,uk,Військова техніка,3,1910495,1.5703
2026-02-08,uk,Військова техніка,4,1953944,2.0471
2026-02-09,uk,Військова техніка,10,1789595,5.5879
2026-02-10,uk,Військова техніка,13,1824059,7.1270
2026-02-11,uk,Військова техніка,8,1776101,4.5042
2026-02-12,uk,Військова техніка,8,1857641,4.3065
2026-02-13,uk,Військова техніка,8,1774127,4.5093
2026-02-14,uk,Військова техніка,3,1761790,1.7028
2026-02-15,uk,Військова техніка,8,1880349,4.2545
2026-02-16,uk,Військова техніка,11,1837615,5.9860
2026-02-17,uk,Військова техніка,6,1841152,3.2588
2026-02-18,uk,Військова техніка,11,1825743,6.0249
2026-02-19,uk,Військова техніка,6,1870366,3.2079
2026-02-20,uk,Військова техніка,8,1802543,4.4382
2026-02-21,uk,Військова техніка,6,1891024,3.1729
2026-02-22,uk,Військова техніка,6,1941341,3.0906
2026-02-23,uk,Військова техніка,11,1852241,5.9388
2026-02-24,uk,Військова техніка,7,1813421,3.8601
2026-02-25,uk,Військова техніка,7,1782182,3.9278
2026-02-26,uk,Військова техніка,4,1784642,2.2413
2026-02-27,uk,Військова техніка,7,1702182,4.1124
2026-02-28,uk,Військова техніка,5,1755218,2.8486
2026-03-01,uk,Військова техніка,5,1950114,2.5640
2026-03-02,uk,Військова техніка,8,1898838,4.2131
2026-03-03,uk,Військова техніка,16,1773587,9.0213
2026-03-04,uk,Військова техніка,9,1814486,4.9601
2026-03-05,uk,Військова техніка,5,1770272,2.8244
2026-03-06,uk,Військова техніка,10,1663778,6.0104
2026-03-07,uk,Військова техніка,9,1650313,5.4535
2026-03-08,uk,Військова техніка,6,1731363,3.4655
2026-03-09,uk,Військова техніка,9,1791956,5.0224
2026-03-10,uk,Військова техніка,5,1794146,2.7868
2026-03-11,uk,Військова техніка,11,1880613,5.8492
2026-03-12,uk,Військова техніка,15,1653801,9.0700
2026-03-13,uk,Військова техніка,11,1651683,6.6599
2026-03-14,uk,Військова техніка,4,1640225,2.4387
2026-03-15,uk,Військова техніка,5,1760023,2.8409
2026-03-16,uk,Військова техніка,9,1835730,4.9027
2026-03-17,uk,Військова техніка,8,1863336,4.2934
2026-03-18,uk,Військова техніка,19,1866419,10.1799
2026-03-19,uk,Військова техніка,8,1931647,4.1415
2026-03-20,uk,Військова техніка,4,1867624,2.1418
2026-03-21,uk,Військова техніка,5,1875375,2.6661
2026-03-22,uk,Військова техніка,3,1854961,1.6173
2026-03-23,uk,Військова техніка,5,1786493,2.7988
2026-03-24,uk,Військова техніка,6,1753809,3.4211
2026-03-25,uk,Військова техніка,3,1733488,1.7306
2026-03-26,uk,Військова техніка,8,1690008,4.7337
2026-03-27,uk,Військова техніка,8,1627706,4.9149
2026-03-28,uk,Військова техніка,8,1647044,4.8572
2026-03-29,uk,Військова техніка,5,1778551,2.8113
2026-03-30,uk,Військова техніка,11,1783888,6.1663
2026-03-31,uk,Військова техніка,5,1793529,2.7878
2026-04-01,uk,Військова техніка,8,1693659,4.7235
2026-04-02,uk,Військова техніка,8,1657599,4.8263
2026-04-03,uk,Військова техніка,15,1688871,8.8817
2026-04-04,uk,Військова техніка,4,1575295,2.5392
2026-04-05,uk,Військова техніка,1,1820910,0.5492
2026-04-06,uk,Військова техніка,6,1806730,3.3209
2026-04-07,uk,Військова техніка,10,1822697,5.4864
2026-04-08,uk,Військова техніка,4,1699527,2.3536
2026-04-09,uk,Військова техніка,10,1672220,5.9801
2026-04-10,uk,Військова техніка,5,1752230,2.8535
2026-04-11,uk,Військова техніка,4,1670155,2.3950
2026-04-12,uk,Військова техніка,2,1890947,1.0577
2026-04-13,uk,Військова техніка,13,1918042,6.7777
2026-04-14,uk,Військова техніка,5,1829277,2.7333
2026-04-15,uk,Військова техніка,7,1789615,3.9115
2026-04-16,uk,Військова техніка,6,1765813,3.3979
2026-04-17,uk,Військова техніка,11,1665739,6.6037
2026-04-18,uk,Військова техніка,9,1636764,5.4987
2026-04-19,uk,Військова техніка,5,1733495,2.8843
2026-04-20,uk,Військова техніка,5,1830595,2.7314
2026-04-21,uk,Військова техніка,3,1763610,1.7011
2026-04-22,uk,Військова техніка,4,1767237,2.2634
2026-04-23,uk,Військова техніка,3,1797335,1.6691
2026-04-24,uk,Військова техніка,6,1784912,3.3615
2026-04-25,uk,Військова техніка,8,1647639,4.8554
2026-04-26,uk,Військова техніка,10,1925176,5.1943
2026-04-27,uk,Військова техніка,9,1900046,4.7367
2026-04-28,uk,Військова техніка,7,1929768,3.6274
2026-04-29,uk,Військова техніка,4,1990576,2.0095
2026-04-30,uk,Військова техніка,6,2015559,2.9768
2026-05-01,uk,Військова техніка,5,1967619,2.5411
2026-05-02,uk,Військова техніка,2,2009022,0.9955
2026-05-03,uk,Військова техніка,5,1994953,2.5063
2026-05-04,uk,Військова техніка,3,1977551,1.5170
2026-05-05,uk,Військова техніка,6,1986661,3.0201
2026-05-06,uk,Військова техніка,5,1785457,2.8004
2026-05-07,uk,Військова техніка,10,1798285,5.5609
2026-05-08,uk,Військова техніка,6,1738632,3.4510
2026-05-09,uk,Військова техніка,3,1652409,1.8155
2026-05-10,uk,Військова техніка,1,1770063,0.5650
2026-05-11,uk,Військова техніка,3,1870701,1.6037
2026-05-12,uk,Військова техніка,6,1952671,3.0727
2026-05-13,uk,Військова техніка,8,1887504,4.2384
2026-05-14,uk,Військова техніка,7,1868865,3.7456
2026-05-15,uk,Військова техніка,5,1817421,2.7512
2026-05-16,uk,Військова техніка,1,1762377,0.5674
2026-05-17,uk,Військова техніка,5,1810808,2.7612
2026-05-18,uk,Військова техніка,6,1808488,3.3177
2026-05-19,uk,Військова техніка,9,1894123,4.7515
2026-05-20,uk,Військова техніка,1,1974676,0.5064
2026-05-21,uk,Військова техніка,17,1887052,9.0088
2026-05-22,uk,Військова техніка,2,1789380,1.1177
2026-05-23,uk,Військова техніка,8,1743561,4.5883
2026-05-24,uk,Військова техніка,2,1647460,1.2140
2026-05-25,uk,Військова техніка,9,1730409,5.2011
2026-05-26,uk,Військова техніка,6,1661235,3.6118
2026-05-27,uk,Військова техніка,9,1690042,5.3253
2026-05-28,uk,Військова техніка,5,1629751,3.0680
2026-05-29,uk,Військова техніка,9,1613220,5.5789
2026-05-30,uk,Військова техніка,3,1538927,1.9494
2026-05-31,uk,Військова техніка,6,1690734,3.5488
2026-06-01,uk,Військова техніка,12,1588450,7.5545
2026-06-02,uk,Військова техніка,9,1535973,5.8595
2026-06-03,uk,Військова техніка,2,1525344,1.3112
2026-06-04,uk,Військова техніка,5,1586162,3.1523
2026-06-05,uk,Військова техніка,3,1472706,2.0371
2026-06-06,uk,Військова техніка,2,1438538,1.3903
2026-06-07,uk,Військова техніка,4,2305115,1.7353
2026-06-08,uk,Військова техніка,8,1533332,5.2174
2026-06-09,uk,Військова техніка,3,2304546,1.3018
2026-06-10,uk,Військова техніка,3,1913301,1.5680
2026-06-11,uk,Військова техніка,6,1722384,3.4835
2026-06-12,uk,Військова техніка,6,1562055,3.8411
2026-06-13,uk,Військова техніка,5,1476904,3.3855
2026-06-14,uk,Військова техніка,4,1662726,2.4057
2026-06-15,uk,Військова техніка,3,1661522,1.8056
2026-06-16,uk,Військова техніка,3,1517227,1.9773
2026-06-17,uk,Військова техніка,6,1626798,3.6882
2026-06-18,uk,Військова техніка,5,1481380,3.3752
2026-06-19,uk,Військова техніка,8,1465427,5.4592
2026-06-20,uk,Військова техніка,3,1539123,1.9492
2026-06-21,uk,Військова техніка,4,1545979,2.5874
2026-06-22,uk,Військова техніка,7,1649295,4.2442
2026-06-23,uk,Військова техніка,2,1590019,1.2578
2026-06-24,uk,Військова техніка,5,1611367,3.1030
2026-06-25,uk,Військова техніка,5,1526443,3.2756
2026-06-26,uk,Військова техніка,4,1553360,2.5751
2026-06-27,uk,Військова техніка,3,1464955,2.0478
2026-06-28,uk,Військова техніка,3,1523379,1.9693
2026-06-29,uk,Військова техніка,5,1464768,3.4135
2026-06-30,uk,Військова техніка,4,1463430,2.7333
2026-07-01,uk,Військова техніка,4,1455689,2.7478
2026-07-02,uk,Військова техніка,6,1416690,4.2352
2026-07-03,uk,Військова техніка,9,1434284,6.2749
2026-07-04,uk,Військова техніка,3,1445814,2.0750
2026-07-05,uk,Військова техніка,3,1553248,1.9314
2026-07-06,uk,Військова техніка,2,1448712,1.3805
2026-07-07,uk,Військова техніка,7,1478198,4.7355
2026-07-08,uk,Військова техніка,5,1457356,3.4309
2026-07-09,uk,Військова техніка,7,1493092,4.6883
2026-07-10,uk,Військова техніка,5,1536367,3.2544
2026-07-11,uk,Військова техніка,4,1660628,2.4087
2026-07-12,uk,Військова техніка,4,1774586,2.2540
2026-07-13,uk,Військова техніка,4,1759872,2.2729
2026-07-14,uk,Військова техніка,10,1800611,5.5537
2026-07-15,uk,Військова техніка,3,1850536,1.6212
2026-07-16,uk,Військова техніка,6,2189023,2.7409
2026-07-17,uk,Військова техніка,4,2283793,1.7515
2026-07-18,uk,Військова техніка,3,1834140,1.6356
2026-07-19,uk,Військова техніка,5,1914651,2.6114
2026-07-20,uk,Військова техніка,2,1857687,1.0766
2026-07-21,uk,Військова техніка,4,1929797,2.0728
2026-07-22,uk,Військова техніка,6,2055473,2.9190
2026-07-23,uk,Військова техніка,3,1856347,1.6161
2026-07-24,uk,Військова техніка,12,1794814,6.6859
2026-07-25,uk,Військова техніка,4,1670976,2.3938
2026-07-26,uk,Військова техніка,4,1754712,2.2796
2026-07-27,uk,Військова техніка,11,1704388,6.4539
2026-07-28,uk,Військова техніка,2,1671615,1.1964
2026-07-29,uk,Військова техніка,3,1629672,1.8409
2026-07-30,uk,Військова техніка,7,1645445,4.2542
2026-07-31,uk,Військова техніка,4,1640831,2.4378
2026-08-01,uk,Військова техніка,1,1617601,0.6182
2026-08-02,uk,Військова техніка,3,1757857,1.7066
2026-08-03,uk,Військова техніка,2,1708598,1.1706
2026-08-04,uk,Військова техніка,5,1806127,2.7684
2026-08-05,uk,Військова техніка,8,1817844,4.4008
2026-08-06,uk,Військова техніка,2,1867355,1.0710
2026-08-07,uk,Військова техніка,5,1725545,2.8976
2026-08-08,uk,Військова техніка,2,1582755,1.2636
2026-08-09,uk,Військова техніка,3,1503264,1.9957
2026-08-10,uk,Військова техніка,2,1624657,1.2310
2026-08-11,uk,Військова техніка,6,1558631,3.8495
2026-08-12,uk,Військова техніка,6,1588254,3.7777
2026-08-13,uk,Військова техніка,9,1442245,6.2403
2026-08-14,uk,Військова техніка,4,1510683,2.6478
2026-08-15,uk,Військова техніка,7,1955376,3.5799
2026-08-16,uk,Військова техніка,5,1616190,3.0937
2026-08-17,uk,Військова техніка,3,1652555,1.8154
2026-08-18,uk,Військова техніка,8,1691204,4.7304
2026-08-19,uk,Військова техніка,7,1683290,4.1585
2026-08-20,uk,Військова техніка,11,1571723,6.9987
2026-08-21,uk,Військова техніка,3,1616825,1.8555
2026-08-22,uk,Військова техніка,3,1572169,1.9082
2026-08-23,uk,Військова техніка,7,1663135,4.2089
2026-08-24,uk,Військова техніка,9,1637441,5.4964
2026-08-25,uk,Військова техніка,10,1595889,6.2661
2026-08-26,uk,Військова техніка,4,1599337,2.5010
2026-08-27,uk,Військова техніка,1,1410889,0.7088
2026-08-28,uk,Військова техніка,6,1533465,3.9127
2026-08-29,uk,Військова техніка,3,1543749,1.9433
2026-08-30,uk,Військова техніка,6,1582150,3.7923
2026-08-31,uk,Військова техніка,5,1683680,2.9697
2026-09-01,uk,Військова техніка,13,1719839,7.5588
2026-09-02,uk,Військова техніка,5,1876244,2.6649
2026-09-03,uk,Військова техніка,10,1853041,5.3965
2026-09-04,uk,Військова техніка,7,1717631,4.0754
2026-09-05,uk,Військова техніка,1,1735462,0.5762
2026-09-06,uk,Військова техніка,3,1621943,1.8496
2026-09-07,uk,Військова техніка,5,1725251,2.8981
2026-09-08,uk,Військова техніка,4,1670925,2.3939
2026-09-09,uk,Військова техніка,13,1789300,7.2654
2026-09-10,uk,Військова техніка,9,1902231,4.7313
2026-09-11,uk,Військова техніка,10,2011370,4.9717
2026-09-12,uk,Військова техніка,5,1757574,2.8448
2026-09-13,uk,Військова техніка,3,1818843,1.6494
2026-09-14,uk,Військова техніка,15,1838303,8.1597
2026-09-15,uk,Військова техніка,9,1754939,5.1284
2026-09-16,uk,Військова техніка,12,1808541,6.6352
2026-09-17,uk,Військова техніка,9,1810946,4.9698
2026-09-18,uk,Військова техніка,11,1642231,6.6982
2026-09-19,uk,Військова техніка,3,1862401,1.6108
2026-09-20,uk,Військова техніка,3,1879668,1.5960
2026-09-21,uk,Військова техніка,6,1892023,3.1712
2026-09-22,uk,Військова техніка,6,1650842,3.6345
2024-09-22,de,Wehrtechnik,17,26049510,0.6526
2024-09-23,de,Wehrtechnik,21,26185370,0.8020
2024-09-24,de,Wehrtechnik,31,25674426,1.2074
2024-09-25,de,Wehrtechnik,19,25353369,0.7494
2024-09-26,de,Wehrtechnik,11,25369179,0.4336
2024-09-27,de,Wehrtechnik,24,25331801,0.9474
2024-09-28,de,Wehrtechnik,19,25204806,0.7538
2024-09-29,de,Wehrtechnik,27,26955579,1.0016
2024-09-30,de,Wehrtechnik,26,25899992,1.0039
2024-10-01,de,Wehrtechnik,28,25430443,1.1010
2024-10-02,de,Wehrtechnik,23,25099538,0.9164
2024-10-03,de,Wehrtechnik,13,29491344,0.4408
2024-10-04,de,Wehrtechnik,14,25592455,0.5470
2024-10-05,de,Wehrtechnik,23,25656373,0.8965
2024-10-06,de,Wehrtechnik,4,27975684,0.1430
2024-10-07,de,Wehrtechnik,14,26090982,0.5366
2024-10-08,de,Wehrtechnik,25,25450058,0.9823
2024-10-09,de,Wehrtechnik,22,25158456,0.8745
2024-10-10,de,Wehrtechnik,26,25644434,1.0139
2024-10-11,de,Wehrtechnik,31,25321518,1.2243
2024-10-12,de,Wehrtechnik,15,25301431,0.5929
2024-10-13,de,Wehrtechnik,12,29625313,0.4051
2024-10-14,de,Wehrtechnik,18,26260477,0.6854
2024-10-15,de,Wehrtechnik,21,25323339,0.8293
2024-10-16,de,Wehrtechnik,29,24967423,1.1615
2024-10-17,de,Wehrtechnik,19,25381770,0.7486
2024-10-18,de,Wehrtechnik,17,25425392,0.6686
2024-10-19,de,Wehrtechnik,21,25894540,0.8110
2024-10-20,de,Wehrtechnik,13,28181958,0.4613
2024-10-21,de,Wehrtechnik,13,26159650,0.4969
2024-10-22,de,Wehrtechnik,26,25640886,1.0140
2024-10-23,de,Wehrtechnik,25,25811901,0.9685
2024-10-24,de,Wehrtechnik,21,24232502,0.8666
2024-10-25,de,Wehrtechnik,19,24823743,0.7654
2024-10-26,de,Wehrtechnik,19,25025792,0.7592
2024-10-27,de,Wehrtechnik,10,28699001,0.3484
2024-10-28,de,Wehrtechnik,20,25989345,0.7695
2024-10-29,de,Wehrtechnik,23,25099184,0.9164
2024-10-30,de,Wehrtechnik,15,24621485,0.6092
2024-10-31,de,Wehrtechnik,25,24822833,1.0071
2024-11-01,de,Wehrtechnik,13,26515655,0.4903
2024-11-02,de,Wehrtechnik,9,25503685,0.3529
2024-11-03,de,Wehrtechnik,21,27817796,0.7549
2024-11-04,de,Wehrtechnik,19,25912780,0.7332
2024-11-05,de,Wehrtechnik,24,25415478,0.9443
2024-11-06,de,Wehrtechnik,20,25592676,0.7815
2024-11-07,de,Wehrtechnik,23,25062929,0.9177
2024-11-08,de,Wehrtechnik,26,24868124,1.0455
2024-11-09,de,Wehrtechnik,14,25033126,0.5593
2024-11-10,de,Wehrtechnik,13,28263829,0.4600
2024-11-11,de,Wehrtechnik,17,26146558,0.6502
2024-11-12,de,Wehrtechnik,40,25273046,1.5827
2024-11-13,de,Wehrtechnik,16,25069766,0.6382
2024-11-14,de,Wehrtechnik,28,24677640,1.1346
2024-11-15,de,Wehrtechnik,23,24965260,0.9213
2024-11-16,de,Wehrtechnik,17,25170906,0.6754
2024-11-17,de,Wehrtechnik,10,28707556,0.3483
2024-11-18,de,Wehrtechnik,28,26034618,1.0755
2024-11-19,de,Wehrtechnik,21,25434884,0.8256
2024-11-20,de,Wehrtechnik,25,24926097,1.0030
2024-11-21,de,Wehrtechnik,15,24738534,0.6063
2024-11-22,de,Wehrtechnik,18,24636499,0.7306
2024-11-23,de,Wehrtechnik,17,25226389,0.6739
2024-11-24,de,Wehrtechnik,15,28455885,0.5271
2024-11-25,de,Wehrtechnik,23,25668084,0.8961
2024-11-26,de,Wehrtechnik,19,24978126,0.7607
2024-11-27,de,Wehrtechnik,31,24869900,1.2465
2024-11-28,de,Wehrtechnik,16,23556766,0.6792
2024-11-29,de,Wehrtechnik,24,22879721,1.0490
2024-11-30,de,Wehrtechnik,13,23529690,0.5525
2024-12-01,de,Wehrtechnik,13,26637118,0.4880
2024-12-02,de,Wehrtechnik,29,24909518,1.1642
2024-12-03,de,Wehrtechnik,21,24574984,0.8545
2024-12-04,de,Wehrtechnik,10,24348531,0.4107
2024-12-05,de,Wehrtechnik,17,23668280,0.7183
2024-12-06,de,Wehrtechnik,16,23930723,0.6686
2024-12-07,de,Wehrtechnik,12,24670714,0.4864
2024-12-08,de,Wehrtechnik,11,28441998,0.3868
2024-12-09,de,Wehrtechnik,13,26675330,0.4873
2024-12-10,de,Wehrtechnik,19,25040376,0.7588
2024-12-11,de,Wehrtechnik,17,24331223,0.6987
2024-12-12,de,Wehrtechnik,16,23876950,0.6701
2024-12-13,de,Wehrtechnik,18,23864601,0.7543
2024-12-14,de,Wehrtechnik,7,24636519,0.2841
2024-12-15,de,Wehrtechnik,10,28047422,0.3565
2024-12-16,de,Wehrtechnik,23,25525594,0.9011
2024-12-17,de,Wehrtechnik,24,24639761,0.9740
2024-12-18,de,Wehrtechnik,24,25147626,0.9544
2024-12-19,de,Wehrtechnik,25,24077281,1.0383
2024-12-20,de,Wehrtechnik,11,23262887,0.4729
2024-12-21,de,Wehrtechnik,13,24341680,0.5341
2024-12-22,de,Wehrtechnik,18,28665152,0.6279
2024-12-23,de,Wehrtechnik,14,25254908,0.5543
2024-12-24,de,Wehrtechnik,10,24608120,0.4064
2024-12-25,de,Wehrtechnik,11,30830665,0.3568
2024-12-26,de,Wehrtechnik,14,30897741,0.4531
2024-12-27,de,Wehrtechnik,16,28922046,0.5532
2024-12-28,de,Wehrtechnik,15,29103140,0.5154
2024-12-29,de,Wehrtechnik,14,32872613,0.4259
2024-12-30,de,Wehrtechnik,11,28960511,0.3798
2024-12-31,de,Wehrtechnik,16,27541010,0.5810
2025-01-01,de,Wehrtechnik,12,31782055,0.3776
2025-01-02,de,Wehrtechnik,9,29059136,0.3097
2025-01-03,de,Wehrtechnik,19,30041271,0.6325
2025-01-04,de,Wehrtechnik,12,30935723,0.3879
2025-01-05,de,Wehrtechnik,9,33544966,0.2683
2025-01-06,de,Wehrtechnik,17,31561823,0.5386
2025-01-07,de,Wehrtechnik,29,29296540,0.9899
2025-01-08,de,Wehrtechnik,23,29016523,0.7927
2025-01-09,de,Wehrtechnik,19,27973897,0.6792
2025-01-10,de,Wehrtechnik,17,28322135,0.6002
2025-01-11,de,Wehrtechnik,17,28894120,0.5884
2025-01-12,de,Wehrtechnik,17,31475859,0.5401
2025-01-13,de,Wehrtechnik,25,28548585,0.8757
2025-01-14,de,Wehrtechnik,20,27620565,0.7241
2025-01-15,de,Wehrtechnik,25,27600680,0.9058
2025-01-16,de,Wehrtechnik,12,27287341,0.4398
2025-01-17,de,Wehrtechnik,21,27999756,0.7500
2025-01-18,de,Wehrtechnik,10,27630611,0.3619
2025-01-19,de,Wehrtechnik,11,30079288,0.3657
2025-01-20,de,Wehrtechnik,21,28927221,0.7260
2025-01-21,de,Wehrtechnik,8,28360955,0.2821
2025-01-22,de,Wehrtechnik,21,27832314,0.7545
2025-01-23,de,Wehrtechnik,32,29000450,1.1034
2025-01-24,de,Wehrtechnik,21,28073711,0.7480
2025-01-25,de,Wehrtechnik,12,28405390,0.4225
2025-01-26,de,Wehrtechnik,11,32123857,0.3424
2025-01-27,de,Wehrtechnik,27,29733699,0.9081
2025-01-28,de,Wehrtechnik,20,28809759,0.6942
2025-01-29,de,Wehrtechnik,25,27686900,0.9030
2025-01-30,de,Wehrtechnik,13,27416296,0.4742
2025-01-31,de,Wehrtechnik,24,27153362,0.8839
2025-02-01,de,Wehrtechnik,13,28116271,0.4624
2025-02-02,de,Wehrtechnik,17,29694571,0.5725
2025-02-03,de,Wehrtechnik,28,27257523,1.0272
2025-02-04,de,Wehrtechnik,19,26622147,0.7137
2025-02-05,de,Wehrtechnik,28,26422250,1.0597
2025-02-06,de,Wehrtechnik,19,26463379,0.7180
2025-02-07,de,Wehrtechnik,15,26362110,0.5690
2025-02-08,de,Wehrtechnik,7,26934112,0.2599
2025-02-09,de,Wehrtechnik,24,30198237,0.7947
2025-02-10,de,Wehrtechnik,20,27699881,0.7220
2025-02-11,de,Wehrtechnik,29,26780010,1.0829
2025-02-12,de,Wehrtechnik,15,26531806,0.5654
2025-02-13,de,Wehrtechnik,19,27188583,0.6988
2025-02-14,de,Wehrtechnik,12,26545533,0.4521
2025-02-15,de,Wehrtechnik,10,27410379,0.3648
2025-02-16,de,Wehrtechnik,22,30229243,0.7278
2025-02-17,de,Wehrtechnik,21,27524573,0.7630
2025-02-18,de,Wehrtechnik,25,26361917,0.9483
2025-02-19,de,Wehrtechnik,20,26170391,0.7642
2025-02-20,de,Wehrtechnik,23,25999728,0.8846
2025-02-21,de,Wehrtechnik,16,26507506,0.6036
2025-02-22,de,Wehrtechnik,14,26966021,0.5192
2025-02-23,de,Wehrtechnik,17,31302929,0.5431
2025-02-24,de,Wehrtechnik,14,29780428,0.4701
2025-02-25,de,Wehrtechnik,29,27260899,1.0638
2025-02-26,de,Wehrtechnik,20,27128826,0.7372
2025-02-27,de,Wehrtechnik,18,27148153,0.6630
2025-02-28,de,Wehrtechnik,12,25858173,0.4641
2025-03-01,de,Wehrtechnik,14,25757510,0.5435
2025-03-02,de,Wehrtechnik,34,28658812,1.1864
2025-03-03,de,Wehrtechnik,21,27318958,0.7687
2025-03-04,de,Wehrtechnik,39,25170931,1.5494
2025-03-05,de,Wehrtechnik,35,24256900,1.4429
2025-03-06,de,Wehrtechnik,26,23831708,1.0910
2025-03-07,de,Wehrtechnik,28,24578420,1.1392
2025-03-08,de,Wehrtechnik,22,24576487,0.8952
2025-03-09,de,Wehrtechnik,11,27793838,0.3958
2025-03-10,de,Wehrtechnik,35,26986900,1.2969
2025-03-11,de,Wehrtechnik,19,25908523,0.7333
2025-03-12,de,Wehrtechnik,25,26103713,0.9577
2025-03-13,de,Wehrtechnik,32,25345674,1.2625
2025-03-14,de,Wehrtechnik,22,26044423,0.8447
2025-03-15,de,Wehrtechnik,16,26414464,0.6057
2025-03-16,de,Wehrtechnik,21,29352447,0.7154
2025-03-17,de,Wehrtechnik,20,28158183,0.7103
2025-03-18,de,Wehrtechnik,19,25862291,0.7347
2025-03-19,de,Wehrtechnik,34,24169115,1.4068
2025-03-20,de,Wehrtechnik,33,24760551,1.3328
2025-03-21,de,Wehrtechnik,20,24351434,0.8213
2025-03-22,de,Wehrtechnik,10,25177562,0.3972
2025-03-23,de,Wehrtechnik,13,29396114,0.4422
2025-03-24,de,Wehrtechnik,14,26902109,0.5204
2025-03-25,de,Wehrtechnik,22,26247660,0.8382
2025-03-26,de,Wehrtechnik,22,25533884,0.8616
2025-03-27,de,Wehrtechnik,13,24152610,0.5382
2025-03-28,de,Wehrtechnik,14,23583919,0.5936
2025-03-29,de,Wehrtechnik,30,25275647,1.1869
2025-03-30,de,Wehrtechnik,24,28185970,0.8515
2025-03-31,de,Wehrtechnik,19,26007063,0.7306
2025-04-01,de,Wehrtechnik,30,24118003,1.2439
2025-04-02,de,Wehrtechnik,34,23944944,1.4199
2025-04-03,de,Wehrtechnik,37,21931376,1.6871
2025-04-04,de,Wehrtechnik,21,21660746,0.9695
2025-04-05,de,Wehrtechnik,14,23168040,0.6043
2025-04-06,de,Wehrtechnik,11,26008429,0.4229
2025-04-07,de,Wehrtechnik,28,24504070,1.1427
2025-04-08,de,Wehrtechnik,15,23330855,0.6429
2025-04-09,de,Wehrtechnik,17,23106021,0.7357
2025-04-10,de,Wehrtechnik,30,22570340,1.3292
2025-04-11,de,Wehrtechnik,39,22283581,1.7502
2025-04-12,de,Wehrtechnik,27,21516503,1.2549
2025-04-13,de,Wehrtechnik,18,26586005,0.6770
2025-04-14,de,Wehrtechnik,22,23879602,0.9213
2025-04-15,de,Wehrtechnik,11,23358878,0.4709
2025-04-16,de,Wehrtechnik,24,22642792,1.0599
2025-04-17,de,Wehrtechnik,19,23735613,0.8005
2025-04-18,de,Wehrtechnik,15,30175324,0.4971
2025-04-19,de,Wehrtechnik,17,24001932,0.7083
2025-04-20,de,Wehrtechnik,9,27079691,0.3324
2025-04-21,de,Wehrtechnik,25,32309769,0.7738
2025-04-22,de,Wehrtechnik,17,26503836,0.6414
2025-04-23,de,Wehrtechnik,17,25409579,0.6690
2025-04-24,de,Wehrtechnik,18,24938738,0.7218
2025-04-25,de,Wehrtechnik,16,24852782,0.6438
2025-04-26,de,Wehrtechnik,11,24743027,0.4446
2025-04-27,de,Wehrtechnik,13,26018800,0.4996
2025-04-28,de,Wehrtechnik,17,25014411,0.6796
2025-04-29,de,Wehrtechnik,19,23662358,0.8030
2025-04-30,de,Wehrtechnik,12,23228261,0.5166
2025-05-01,de,Wehrtechnik,9,20807557,0.4325
2025-05-02,de,Wehrtechnik,15,21270709,0.7052
2025-05-03,de,Wehrtechnik,13,22607645,0.5750
2025-05-04,de,Wehrtechnik,7,26208578,0.2671
2025-05-05,de,Wehrtechnik,19,25680070,0.7399
2025-05-06,de,Wehrtechnik,19,25809854,0.7362
2025-05-07,de,Wehrtechnik,20,25675369,0.7790
2025-05-08,de,Wehrtechnik,18,29565610,0.6088
2025-05-09,de,Wehrtechnik,15,25485727,0.5886
2025-05-10,de,Wehrtechnik,18,23079258,0.7799
2025-05-11,de,Wehrtechnik,7,24845527,0.2817
2025-05-12,de,Wehrtechnik,16,22057245,0.7254
2025-05-13,de,Wehrtechnik,12,21368699,0.5616
2025-05-14,de,Wehrtechnik,14,21814733,0.6418
2025-05-15,de,Wehrtechnik,14,20770937,0.6740
2025-05-16,de,Wehrtechnik,25,21040964,1.1882
2025-05-17,de,Wehrtechnik,15,22217393,0.6751
2025-05-18,de,Wehrtechnik,11,25210178,0.4363
2025-05-19,de,Wehrtechnik,33,22545439,1.4637
2025-05-20,de,Wehrtechnik,7,21192023,0.3303
2025-05-21,de,Wehrtechnik,18,21274397,0.8461
2025-05-22,de,Wehrtechnik,14,21683778,0.6456
2025-05-23,de,Wehrtechnik,7,21588754,0.3242
2025-05-24,de,Wehrtechnik,9,21253328,0.4235
2025-05-25,de,Wehrtechnik,14,25270695,0.5540
2025-05-26,de,Wehrtechnik,15,22727350,0.6600
2025-05-27,de,Wehrtechnik,5,21653097,0.2309
2025-05-28,de,Wehrtechnik,26,21718739,1.1971
2025-05-29,de,Wehrtechnik,7,23703169,0.2953
2025-05-30,de,Wehrtechnik,8,20681193,0.3868
2025-05-31,de,Wehrtechnik,3,21352080,0.1405
2025-06-01,de,Wehrtechnik,8,24033411,0.3329
2025-06-02,de,Wehrtechnik,9,22892396,0.3931
2025-06-03,de,Wehrtechnik,18,21358198,0.8428
2025-06-04,de,Wehrtechnik,9,21641980,0.4159
2025-06-05,de,Wehrtechnik,10,20673069,0.4837
2025-06-06,de,Wehrtechnik,13,20816754,0.6245
2025-06-07,de,Wehrtechnik,17,22176682,0.7666
2025-06-08,de,Wehrtechnik,12,26928383,0.4456
2025-06-09,de,Wehrtechnik,5,24816957,0.2015
2025-06-10,de,Wehrtechnik,15,21664678,0.6924
2025-06-11,de,Wehrtechnik,9,20355097,0.4421
2025-06-12,de,Wehrtechnik,17,19514060,0.8712
2025-06-13,de,Wehrtechnik,14,19577943,0.7151
2025-06-14,de,Wehrtechnik,13,19918993,0.6526
2025-06-15,de,Wehrtechnik,9,24020740,0.3747
2025-06-16,de,Wehrtechnik,9,21981841,0.4094
2025-06-17,de,Wehrtechnik,19,20626771,0.9211
2025-06-18,de,Wehrtechnik,14,20405306,0.6861
2025-06-19,de,Wehrtechnik,13,21862824,0.5946
2025-06-20,de,Wehrtechnik,24,20307679,1.1818
2025-06-21,de,Wehrtechnik,6,20411735,0.2939
2025-06-22,de,Wehrtechnik,23,23323637,0.9861
2025-06-23,de,Wehrtechnik,24,22121923,1.0849
2025-06-24,de,Wehrtechnik,27,20792259,1.2986
2025-06-25,de,Wehrtechnik,13,20096295,0.6469
2025-06-26,de,Wehrtechnik,31,20376568,1.5214
2025-06-27,de,Wehrtechnik,20,20190834,0.9905
2025-06-28,de,Wehrtechnik,6,18948904,0.3166
2025-06-29,de,Wehrtechnik,13,21493187,0.6048
2025-06-30,de,Wehrtechnik,16,20025700,0.7990
2025-07-01,de,Wehrtechnik,19,19476573,0.9755
2025-07-02,de,Wehrtechnik,16,19637837,0.8148
2025-07-03,de,Wehrtechnik,22,20234975,1.0872
2025-07-04,de,Wehrtechnik,15,20033430,0.7487
2025-07-05,de,Wehrtechnik,20,20085442,0.9957
2025-07-06,de,Wehrtechnik,11,23737501,0.4634
2025-07-07,de,Wehrtechnik,17,21510598,0.7903
2025-07-08,de,Wehrtechnik,16,20791199,0.7696
2025-07-09,de,Wehrtechnik,16,20403358,0.7842
2025-07-10,de,Wehrtechnik,18,19685959,0.9144
2025-07-11,de,Wehrtechnik,13,20383343,0.6378
2025-07-12,de,Wehrtechnik,9,20944673,0.4297
2025-07-13,de,Wehrtechnik,14,23354522,0.5995
2025-07-14,de,Wehrtechnik,24,22078388,1.0870
2025-07-15,de,Wehrtechnik,12,21800527,0.5504
2025-07-16,de,Wehrtechnik,14,21711370,0.6448
2025-07-17,de,Wehrtechnik,16,21231888,0.7536
2025-07-18,de,Wehrtechnik,11,20287944,0.5422
2025-07-19,de,Wehrtechnik,7,20904764,0.3349
2025-07-20,de,Wehrtechnik,11,23531287,0.4675
2025-07-21,de,Wehrtechnik,15,23404294,0.6409
2025-07-22,de,Wehrtechnik,10,23419860,0.4270
2025-07-23,de,Wehrtechnik,8,24037508,0.3328
2025-07-24,de,Wehrtechnik,10,25256917,0.3959
2025-07-25,de,Wehrtechnik,12,24727352,0.4853
2025-07-26,de,Wehrtechnik,12,24557131,0.4887
2025-07-27,de,Wehrtechnik,17,28254845,0.6017
2025-07-28,de,Wehrtechnik,21,25838654,0.8127
2025-07-29,de,Wehrtechnik,15,24801493,0.6048
2025-07-30,de,Wehrtechnik,23,24966402,0.9212
2025-07-31,de,Wehrtechnik,12,24258094,0.4947
2025-08-01,de,Wehrtechnik,27,23846986,1.1322
2025-08-02,de,Wehrtechnik,11,24614672,0.4469
2025-08-03,de,Wehrtechnik,10,27721799,0.3607
2025-08-04,de,Wehrtechnik,20,24550547,0.8146
2025-08-05,de,Wehrtechnik,26,24411655,1.0651
2025-08-06,de,Wehrtechnik,22,25847594,0.8511
2025-08-07,de,Wehrtechnik,16,22539552,0.7099
2025-08-08,de,Wehrtechnik,12,22647364,0.5299
2025-08-09,de,Wehrtechnik,7,22452840,0.3118
2025-08-10,de,Wehrtechnik,17,25052477,0.6786
2025-08-11,de,Wehrtechnik,13,23352289,0.5567
2025-08-12,de,Wehrtechnik,12,22941064,0.5231
2025-08-13,de,Wehrtechnik,19,22313287,0.8515
2025-08-14,de,Wehrtechnik,13,22521856,0.5772
2025-08-15,de,Wehrtechnik,13,23037781,0.5643
2025-08-16,de,Wehrtechnik,18,23008563,0.7823
2025-08-17,de,Wehrtechnik,12,25758831,0.4659
2025-08-18,de,Wehrtechnik,14,23543839,0.5946
2025-08-19,de,Wehrtechnik,12,22862361,0.5249
2025-08-20,de,Wehrtechnik,15,22910431,0.6547
2025-08-21,de,Wehrtechnik,25,23238382,1.0758
2025-08-22,de,Wehrtechnik,10,23048545,0.4339
2025-08-23,de,Wehrtechnik,6,23496614,0.2554
2025-08-24,de,Wehrtechnik,8,25027349,0.3197
2025-08-25,de,Wehrtechnik,9,22920613,0.3927
2025-08-26,de,Wehrtechnik,15,23199634,0.6466
2025-08-27,de,Wehrtechnik,18,24269645,0.7417
2025-08-28,de,Wehrtechnik,11,24412017,0.4506
2025-08-29,de,Wehrtechnik,11,23564111,0.4668
2025-08-30,de,Wehrtechnik,8,22845225,0.3502
2025-08-31,de,Wehrtechnik,11,24835890,0.4429
2025-09-01,de,Wehrtechnik,15,23578072,0.6362
2025-09-02,de,Wehrtechnik,20,23339120,0.8569
2025-09-03,de,Wehrtechnik,24,22711664,1.0567
2025-09-04,de,Wehrtechnik,11,22956302,0.4792
2025-09-05,de,Wehrtechnik,24,23487139,1.0218
2025-09-06,de,Wehrtechnik,5,22533789,0.2219
2025-09-07,de,Wehrtechnik,7,25024495,0.2797
2025-09-08,de,Wehrtechnik,15,24203932,0.6197
2025-09-09,de,Wehrtechnik,15,23542816,0.6371
2025-09-10,de,Wehrtechnik,12,23362848,0.5136
2025-09-11,de,Wehrtechnik,15,22513475,0.6663
2025-09-12,de,Wehrtechnik,26,23197314,1.1208
2025-09-13,de,Wehrtechnik,7,22659389,0.3089
2025-09-14,de,Wehrtechnik,10,25667319,0.3896
2025-09-15,de,Wehrtechnik,18,23701379,0.7594
2025-09-16,de,Wehrtechnik,13,24107927,0.5392
2025-09-17,de,Wehrtechnik,15,22551068,0.6652
2025-09-18,de,Wehrtechnik,11,21728288,0.5063
2025-09-19,de,Wehrtechnik,12,21441243,0.5597
2025-09-20,de,Wehrtechnik,12,21915202,0.5476
2025-09-21,de,Wehrtechnik,12,25622230,0.4683
2025-09-22,de,Wehrtechnik,10,24800817,0.4032
2025-09-23,de,Wehrtechnik,16,22774757,0.7025
2025-09-24,de,Wehrtechnik,18,22673364,0.7939
2025-09-25,de,Wehrtechnik,15,22378428,0.6703
2025-09-26,de,Wehrtechnik,19,22266753,0.8533
2025-09-27,de,Wehrtechnik,12,22016518,0.5450
2025-09-28,de,Wehrtechnik,15,24279693,0.6178
2025-09-29,de,Wehrtechnik,22,22760902,0.9666
2025-09-30,de,Wehrtechnik,15,22314907,0.6722
2025-10-01,de,Wehrtechnik,16,22169779,0.7217
2025-10-02,de,Wehrtechnik,17,23743613,0.7160
2025-10-03,de,Wehrtechnik,11,25333089,0.4342
2025-10-04,de,Wehrtechnik,11,24631472,0.4466
2025-10-05,de,Wehrtechnik,10,26983972,0.3706
2025-10-06,de,Wehrtechnik,23,24186755,0.9509
2025-10-07,de,Wehrtechnik,27,23314212,1.1581
2025-10-08,de,Wehrtechnik,21,22661625,0.9267
2025-10-09,de,Wehrtechnik,28,22829930,1.2265
2025-10-10,de,Wehrtechnik,20,23274865,0.8593
2025-10-11,de,Wehrtechnik,14,23749392,0.5895
2025-10-12,de,Wehrtechnik,13,26893231,0.4834
2025-10-13,de,Wehrtechnik,20,23789441,0.8407
2025-10-14,de,Wehrtechnik,22,22863692,0.9622
2025-10-15,de,Wehrtechnik,20,22413070,0.8923
2025-10-16,de,Wehrtechnik,26,22495213,1.1558
2025-10-17,de,Wehrtechnik,22,22990370,0.9569
2025-10-18,de,Wehrtechnik,15,22851238,0.6564
2025-10-19,de,Wehrtechnik,12,25118919,0.4777
2025-10-20,de,Wehrtechnik,21,25382922,0.8273
2025-10-21,de,Wehrtechnik,11,25154518,0.4373
2025-10-22,de,Wehrtechnik,16,23799913,0.6723
2025-10-23,de,Wehrtechnik,17,24819779,0.6849
2025-10-24,de,Wehrtechnik,13,26595647,0.4888
2025-10-25,de,Wehrtechnik,11,24854846,0.4426
2025-10-26,de,Wehrtechnik,14,27180124,0.5151
2025-10-27,de,Wehrtechnik,15,24181282,0.6203
2025-10-28,de,Wehrtechnik,10,23018615,0.4344
2025-10-29,de,Wehrtechnik,18,23750364,0.7579
2025-10-30,de,Wehrtechnik,9,24182753,0.3722
2025-10-31,de,Wehrtechnik,12,23417952,0.5124
2025-11-01,de,Wehrtechnik,9,26525626,0.3393
2025-11-02,de,Wehrtechnik,9,28294294,0.3181
2025-11-03,de,Wehrtechnik,21,24709838,0.8499
2025-11-04,de,Wehrtechnik,16,23610550,0.6777
2025-11-05,de,Wehrtechnik,14,22674900,0.6174
2025-11-06,de,Wehrtechnik,11,23882526,0.4606
2025-11-07,de,Wehrtechnik,12,23237698,0.5164
2025-11-08,de,Wehrtechnik,6,24078990,0.2492
2025-11-09,de,Wehrtechnik,7,27387217,0.2556
2025-11-10,de,Wehrtechnik,14,24899316,0.5623
2025-11-11,de,Wehrtechnik,28,23978418,1.1677
2025-11-12,de,Wehrtechnik,17,23592385,0.7206
2025-11-13,de,Wehrtechnik,16,23755980,0.6735
2025-11-14,de,Wehrtechnik,16,24692155,0.6480
2025-11-15,de,Wehrtechnik,8,25036254,0.3195
2025-11-16,de,Wehrtechnik,7,28748945,0.2435
2025-11-17,de,Wehrtechnik,10,26279292,0.3805
2025-11-18,de,Wehrtechnik,19,24168379,0.7862
2025-11-19,de,Wehrtechnik,22,23467636,0.9375
2025-11-20,de,Wehrtechnik,11,22747796,0.4836
2025-11-21,de,Wehrtechnik,15,23776389,0.6309
2025-11-22,de,Wehrtechnik,8,23104227,0.3463
2025-11-23,de,Wehrtechnik,19,25959883,0.7319
2025-11-24,de,Wehrtechnik,15,24499544,0.6123
2025-11-25,de,Wehrtechnik,17,24196316,0.7026
2025-11-26,de,Wehrtechnik,18,22400580,0.8036
2025-11-27,de,Wehrtechnik,12,22209166,0.5403
2025-11-28,de,Wehrtechnik,20,22349454,0.8949
2025-11-29,de,Wehrtechnik,6,23800884,0.2521
2025-11-30,de,Wehrtechnik,16,25850126,0.6190
2025-12-01,de,Wehrtechnik,15,22027496,0.6810
2025-12-02,de,Wehrtechnik,18,21542057,0.8356
2025-12-03,de,Wehrtechnik,18,21283246,0.8457
2025-12-04,de,Wehrtechnik,24,21299692,1.1268
2025-12-05,de,Wehrtechnik,20,21394862,0.9348
2025-12-06,de,Wehrtechnik,15,22147841,0.6773
2025-12-07,de,Wehrtechnik,22,24731152,0.8896
2025-12-08,de,Wehrtechnik,25,23054337,1.0844
2025-12-09,de,Wehrtechnik,16,21756777,0.7354
2025-12-10,de,Wehrtechnik,20,21655228,0.9236
2025-12-11,de,Wehrtechnik,23,20916543,1.0996
2025-12-12,de,Wehrtechnik,18,21342315,0.8434
2025-12-13,de,Wehrtechnik,17,22394014,0.7591
2025-12-14,de,Wehrtechnik,8,24306836,0.3291
2025-12-15,de,Wehrtechnik,15,22534260,0.6657
2025-12-16,de,Wehrtechnik,10,21549928,0.4640
2025-12-17,de,Wehrtechnik,21,21105701,0.9950
2025-12-18,de,Wehrtechnik,14,19916787,0.7029
2025-12-19,de,Wehrtechnik,11,20379366,0.5398
2025-12-20,de,Wehrtechnik,21,21740506,0.9659
2025-12-21,de,Wehrtechnik,18,24385293,0.7381
2025-12-22,de,Wehrtechnik,17,22314194,0.7618
2025-12-23,de,Wehrtechnik,22,21718836,1.0129
2025-12-24,de,Wehrtechnik,6,21298471,0.2817
2025-12-25,de,Wehrtechnik,15,25742374,0.5827
2025-12-26,de,Wehrtechnik,14,26670099,0.5249
2025-12-27,de,Wehrtechnik,9,25215251,0.3569
2025-12-28,de,Wehrtechnik,10,28574542,0.3500
2025-12-29,de,Wehrtechnik,18,24526653,0.7339
2025-12-30,de,Wehrtechnik,10,23908477,0.4183
2025-12-31,de,Wehrtechnik,7,23761117,0.2946
2026-01-01,de,Wehrtechnik,18,28393238,0.6340
2026-01-02,de,Wehrtechnik,14,26227643,0.5338
2026-01-03,de,Wehrtechnik,19,27079888,0.7016
2026-01-04,de,Wehrtechnik,16,27957390,0.5723
2026-01-05,de,Wehrtechnik,17,24320768,0.6990
2026-01-06,de,Wehrtechnik,19,25446555,0.7467
2026-01-07,de,Wehrtechnik,20,23505532,0.8509
2026-01-08,de,Wehrtechnik,21,23222487,0.9043
2026-01-09,de,Wehrtechnik,103,25235669,4.0815
2026-01-10,de,Wehrtechnik,17,26201772,0.6488
2026-01-11,de,Wehrtechnik,24,27804605,0.8632
2026-01-12,de,Wehrtechnik,23,29657489,0.7755
2026-01-13,de,Wehrtechnik,19,24030564,0.7907
2026-01-14,de,Wehrtechnik,11,23530330,0.4675
2026-01-15,de,Wehrtechnik,7,23855747,0.2934
2026-01-16,de,Wehrtechnik,19,24267976,0.7829
2026-01-17,de,Wehrtechnik,13,24869663,0.5227
2026-01-18,de,Wehrtechnik,17,27227907,0.6244
2026-01-19,de,Wehrtechnik,23,24791838,0.9277
2026-01-20,de,Wehrtechnik,19,23165267,0.8202
2026-01-21,de,Wehrtechnik,17,23447018,0.7250
2026-01-22,de,Wehrtechnik,18,23340479,0.7712
2026-01-23,de,Wehrtechnik,33,24286696,1.3588
2026-01-24,de,Wehrtechnik,16,25674828,0.6232
2026-01-25,de,Wehrtechnik,13,27986368,0.4645
2026-01-26,de,Wehrtechnik,22,25262893,0.8708
2026-01-27,de,Wehrtechnik,20,24094051,0.8301
2026-01-28,de,Wehrtechnik,16,24040360,0.6655
2026-01-29,de,Wehrtechnik,20,23009327,0.8692
2026-01-30,de,Wehrtechnik,17,23719334,0.7167
2026-01-31,de,Wehrtechnik,14,24545776,0.5704
2026-02-01,de,Wehrtechnik,20,27820742,0.7189
2026-02-02,de,Wehrtechnik,25,24383389,1.0253
2026-02-03,de,Wehrtechnik,17,24033318,0.7074
2026-02-04,de,Wehrtechnik,23,23227386,0.9902
2026-02-05,de,Wehrtechnik,23,22481721,1.0231
2026-02-06,de,Wehrtechnik,18,24202969,0.7437
2026-02-07,de,Wehrtechnik,7,24549921,0.2851
2026-02-08,de,Wehrtechnik,10,28257095,0.3539
2026-02-09,de,Wehrtechnik,18,24902658,0.7228
2026-02-10,de,Wehrtechnik,21,23605604,0.8896
2026-02-11,de,Wehrtechnik,13,23591464,0.5510
2026-02-12,de,Wehrtechnik,14,23821247,0.5877
2026-02-13,de,Wehrtechnik,14,23659924,0.5917
2026-02-14,de,Wehrtechnik,18,24193684,0.7440
2026-02-15,de,Wehrtechnik,11,26521702,0.4148
2026-02-16,de,Wehrtechnik,22,24516561,0.8974
2026-02-17,de,Wehrtechnik,5,23928380,0.2090
2026-02-18,de,Wehrtechnik,14,23137326,0.6051
2026-02-19,de,Wehrtechnik,20,23058240,0.8674
2026-02-20,de,Wehrtechnik,16,23196843,0.6897
2026-02-21,de,Wehrtechnik,14,24943906,0.5613
2026-02-22,de,Wehrtechnik,11,28380394,0.3876
2026-02-23,de,Wehrtechnik,16,24110123,0.6636
2026-02-24,de,Wehrtechnik,24,22659501,1.0592
2026-02-25,de,Wehrtechnik,16,20647912,0.7749
2026-02-26,de,Wehrtechnik,22,20875422,1.0539
2026-02-27,de,Wehrtechnik,14,21079612,0.6641
2026-02-28,de,Wehrtechnik,18,22406976,0.8033
2026-03-01,de,Wehrtechnik,17,26313642,0.6461
2026-03-02,de,Wehrtechnik,24,22075005,1.0872
2026-03-03,de,Wehrtechnik,23,20991036,1.0957
2026-03-04,de,Wehrtechnik,24,21093263,1.1378
2026-03-05,de,Wehrtechnik,26,20990297,1.2387
2026-03-06,de,Wehrtechnik,21,20813103,1.0090
2026-03-07,de,Wehrtechnik,23,22974794,1.0011
2026-03-08,de,Wehrtechnik,12,24405357,0.4917
2026-03-09,de,Wehrtechnik,23,22373035,1.0280
2026-03-10,de,Wehrtechnik,18,20779257,0.8662
2026-03-11,de,Wehrtechnik,24,21303578,1.1266
2026-03-12,de,Wehrtechnik,11,20770947,0.5296
2026-03-13,de,Wehrtechnik,11,21843639,0.5036
2026-03-14,de,Wehrtechnik,10,23881998,0.4187
2026-03-15,de,Wehrtechnik,14,25726334,0.5442
2026-03-16,de,Wehrtechnik,23,24041972,0.9567
2026-03-17,de,Wehrtechnik,18,21932425,0.8207
2026-03-18,de,Wehrtechnik,11,20784132,0.5292
2026-03-19,de,Wehrtechnik,16,20629465,0.7756
2026-03-20,de,Wehrtechnik,15,22284712,0.6731
2026-03-21,de,Wehrtechnik,18,23061764,0.7805
2026-03-22,de,Wehrtechnik,9,24658783,0.3650
2026-03-23,de,Wehrtechnik,20,22536279,0.8875
2026-03-24,de,Wehrtechnik,17,22248079,0.7641
2026-03-25,de,Wehrtechnik,16,21445561,0.7461
2026-03-26,de,Wehrtechnik,20,21199688,0.9434
2026-03-27,de,Wehrtechnik,21,20897999,1.0049
2026-03-28,de,Wehrtechnik,15,22391947,0.6699
2026-03-29,de,Wehrtechnik,13,24803669,0.5241
2026-03-30,de,Wehrtechnik,8,22882289,0.3496
2026-03-31,de,Wehrtechnik,11,21276452,0.5170
2026-04-01,de,Wehrtechnik,21,20380320,1.0304
2026-04-02,de,Wehrtechnik,19,20562838,0.9240
2026-04-03,de,Wehrtechnik,19,25486805,0.7455
2026-04-04,de,Wehrtechnik,15,22376400,0.6703
2026-04-05,de,Wehrtechnik,13,25237360,0.5151
2026-04-06,de,Wehrtechnik,6,24985504,0.2401
2026-04-07,de,Wehrtechnik,15,21356403,0.7024
2026-04-08,de,Wehrtechnik,15,20515266,0.7312
2026-04-09,de,Wehrtechnik,13,21422291,0.6068
2026-04-10,de,Wehrtechnik,20,22984339,0.8702
2026-04-11,de,Wehrtechnik,6,21887222,0.2741
2026-04-12,de,Wehrtechnik,12,26429871,0.4540
2026-04-13,de,Wehrtechnik,21,23531262,0.8924
2026-04-14,de,Wehrtechnik,19,22194468,0.8561
2026-04-15,de,Wehrtechnik,13,23729044,0.5479
2026-04-16,de,Wehrtechnik,18,21026948,0.8560
2026-04-17,de,Wehrtechnik,14,20168498,0.6942
2026-04-18,de,Wehrtechnik,14,20834970,0.6719
2026-04-19,de,Wehrtechnik,11,25348415,0.4340
2026-04-20,de,Wehrtechnik,15,23110611,0.6491
2026-04-21,de,Wehrtechnik,10,21658495,0.4617
2026-04-22,de,Wehrtechnik,14,20663849,0.6775
2026-04-23,de,Wehrtechnik,18,20372900,0.8835
2026-04-24,de,Wehrtechnik,10,20661784,0.4840
2026-04-25,de,Wehrtechnik,5,20831434,0.2400
2026-04-26,de,Wehrtechnik,13,22457710,0.5789
2026-04-27,de,Wehrtechnik,16,21486651,0.7446
2026-04-28,de,Wehrtechnik,9,21048526,0.4276
2026-04-29,de,Wehrtechnik,9,20382786,0.4415
2026-04-30,de,Wehrtechnik,9,20083888,0.4481
2026-05-01,de,Wehrtechnik,10,21295938,0.4696
2026-05-02,de,Wehrtechnik,16,21084616,0.7588
2026-05-03,de,Wehrtechnik,7,23699285,0.2954
2026-05-04,de,Wehrtechnik,10,22323130,0.4480
2026-05-05,de,Wehrtechnik,16,23100297,0.6926
2026-05-06,de,Wehrtechnik,19,22119821,0.8590
2026-05-07,de,Wehrtechnik,28,21372142,1.3101
2026-05-08,de,Wehrtechnik,11,20852432,0.5275
2026-05-09,de,Wehrtechnik,13,20416608,0.6367
2026-05-10,de,Wehrtechnik,16,23132059,0.6917
2026-05-11,de,Wehrtechnik,18,23754215,0.7578
2026-05-12,de,Wehrtechnik,19,23157322,0.8205
2026-05-13,de,Wehrtechnik,18,22369345,0.8047
2026-05-14,de,Wehrtechnik,17,25672525,0.6622
2026-05-15,de,Wehrtechnik,10,23386873,0.4276
2026-05-16,de,Wehrtechnik,22,24387561,0.9021
2026-05-17,de,Wehrtechnik,4,26002385,0.1538
2026-05-18,de,Wehrtechnik,13,23252786,0.5591
2026-05-19,de,Wehrtechnik,20,22976729,0.8704
2026-05-20,de,Wehrtechnik,20,23338847,0.8569
2026-05-21,de,Wehrtechnik,16,23510804,0.6805
2026-05-22,de,Wehrtechnik,17,23274666,0.7304
2026-05-23,de,Wehrtechnik,7,20283437,0.3451
2026-05-24,de,Wehrtechnik,14,23287852,0.6012
2026-05-25,de,Wehrtechnik,17,23934022,0.7103
2026-05-26,de,Wehrtechnik,15,21416022,0.7004
2026-05-27,de,Wehrtechnik,20,20956190,0.9544
2026-05-28,de,Wehrtechnik,28,20531723,1.3637
2026-05-29,de,Wehrtechnik,7,20781336,0.3368
2026-05-30,de,Wehrtechnik,12,21467015,0.5590
2026-05-31,de,Wehrtechnik,15,25291100,0.5931
2026-06-01,de,Wehrtechnik,12,22177751,0.5411
2026-06-02,de,Wehrtechnik,29,21765008,1.3324
2026-06-03,de,Wehrtechnik,18,22132709,0.8133
2026-06-04,de,Wehrtechnik,17,24290448,0.6999
2026-06-05,de,Wehrtechnik,17,22461102,0.7569
2026-06-06,de,Wehrtechnik,8,22110944,0.3618
2026-06-07,de,Wehrtechnik,10,26117201,0.3829
2026-06-08,de,Wehrtechnik,15,23027009,0.6514
2026-06-09,de,Wehrtechnik,21,23196193,0.9053
2026-06-10,de,Wehrtechnik,10,23174773,0.4315
2026-06-11,de,Wehrtechnik,16,22970642,0.6965
2026-06-12,de,Wehrtechnik,16,23491556,0.6811
2026-06-13,de,Wehrtechnik,7,22294756,0.3140
2026-06-14,de,Wehrtechnik,8,28969552,0.2762
2026-06-15,de,Wehrtechnik,14,24734240,0.5660
2026-06-16,de,Wehrtechnik,16,22212099,0.7203
2026-06-17,de,Wehrtechnik,11,22018288,0.4996
2026-06-18,de,Wehrtechnik,23,20248097,1.1359
2026-06-19,de,Wehrtechnik,25,20325565,1.2300
2026-06-20,de,Wehrtechnik,8,22063508,0.3626
2026-06-21,de,Wehrtechnik,9,23930437,0.3761
2026-06-22,de,Wehrtechnik,16,22781570,0.7023
2026-06-23,de,Wehrtechnik,12,21730867,0.5522
2026-06-24,de,Wehrtechnik,7,20492947,0.3416
2026-06-25,de,Wehrtechnik,15,20991884,0.7146
2026-06-26,de,Wehrtechnik,12,21231723,0.5652
2026-06-27,de,Wehrtechnik,8,22066667,0.3625
2026-06-28,de,Wehrtechnik,16,24272994,0.6592
2026-06-29,de,Wehrtechnik,194,23733245,8.1742
2026-06-30,de,Wehrtechnik,11,21980016,0.5005
2026-07-01,de,Wehrtechnik,10,22374754,0.4469
2026-07-02,de,Wehrtechnik,7,20069931,0.3488
2026-07-03,de,Wehrtechnik,17,20671247,0.8224
2026-07-04,de,Wehrtechnik,8,21791993,0.3671
2026-07-05,de,Wehrtechnik,6,24553776,0.2444
2026-07-06,de,Wehrtechnik,20,22846500,0.8754
2026-07-07,de,Wehrtechnik,14,22429110,0.6242
2026-07-08,de,Wehrtechnik,16,21574190,0.7416
2026-07-09,de,Wehrtechnik,21,22116833,0.9495
2026-07-10,de,Wehrtechnik,13,21241181,0.6120
2026-07-11,de,Wehrtechnik,10,22828107,0.4381
2026-07-12,de,Wehrtechnik,12,25167291,0.4768
2026-07-13,de,Wehrtechnik,10,23904706,0.4183
2026-07-14,de,Wehrtechnik,14,23376973,0.5989
2026-07-15,de,Wehrtechnik,12,22829571,0.5256
2026-07-16,de,Wehrtechnik,14,22245863,0.6293
2026-07-17,de,Wehrtechnik,12,22392089,0.5359
2026-07-18,de,Wehrtechnik,17,22473042,0.7565
2026-07-19,de,Wehrtechnik,14,26611682,0.5261
2026-07-20,de,Wehrtechnik,4,22614260,0.1769
2026-07-21,de,Wehrtechnik,9,20752970,0.4337
2026-07-22,de,Wehrtechnik,12,21521584,0.5576
2026-07-23,de,Wehrtechnik,12,21615195,0.5552
2026-07-24,de,Wehrtechnik,16,21612930,0.7403
2026-07-25,de,Wehrtechnik,10,21067881,0.4747
2026-07-26,de,Wehrtechnik,9,25144497,0.3579
2026-07-27,de,Wehrtechnik,13,22818823,0.5697
2026-07-28,de,Wehrtechnik,15,21099281,0.7109
2026-07-29,de,Wehrtechnik,12,21038276,0.5704
2026-07-30,de,Wehrtechnik,21,21239449,0.9887
2026-07-31,de,Wehrtechnik,15,21699675,0.6913
2026-08-01,de,Wehrtechnik,8,22465295,0.3561
2026-08-02,de,Wehrtechnik,25,24536799,1.0189
2026-08-03,de,Wehrtechnik,23,22314493,1.0307
2026-08-04,de,Wehrtechnik,14,22110582,0.6332
2026-08-05,de,Wehrtechnik,20,21153588,0.9455
2026-08-06,de,Wehrtechnik,19,21205808,0.8960
2026-08-07,de,Wehrtechnik,16,21786380,0.7344
2026-08-08,de,Wehrtechnik,16,21321020,0.7504
2026-08-09,de,Wehrtechnik,16,24493052,0.6532
2026-08-10,de,Wehrtechnik,22,21708063,1.0134
2026-08-11,de,Wehrtechnik,14,21557688,0.6494
2026-08-12,de,Wehrtechnik,15,21431944,0.6999
2026-08-13,de,Wehrtechnik,21,20453634,1.0267
2026-08-14,de,Wehrtechnik,14,20813258,0.6726
2026-08-15,de,Wehrtechnik,14,22754529,0.6153
2026-08-16,de,Wehrtechnik,16,24743840,0.6466
2026-08-17,de,Wehrtechnik,18,24291789,0.7410
2026-08-18,de,Wehrtechnik,17,22896404,0.7425
2026-08-19,de,Wehrtechnik,16,21656450,0.7388
2026-08-20,de,Wehrtechnik,14,21020809,0.6660
2026-08-21,de,Wehrtechnik,9,21904525,0.4109
2026-08-22,de,Wehrtechnik,11,22126034,0.4972
2026-08-23,de,Wehrtechnik,10,23588260,0.4239
2026-08-24,de,Wehrtechnik,13,21741465,0.5979
2026-08-25,de,Wehrtechnik,19,21503959,0.8836
2026-08-26,de,Wehrtechnik,17,21599444,0.7871
2026-08-27,de,Wehrtechnik,19,20888791,0.9096
2026-08-28,de,Wehrtechnik,25,22388655,1.1166
2026-08-29,de,Wehrtechnik,14,21563673,0.6492
2026-08-30,de,Wehrtechnik,12,23762713,0.5050
2026-08-31,de,Wehrtechnik,23,21630280,1.0633
2026-09-01,de,Wehrtechnik,17,20753368,0.8191
2026-09-02,de,Wehrtechnik,20,20405338,0.9801
2026-09-03,de,Wehrtechnik,8,21068386,0.3797
2026-09-04,de,Wehrtechnik,9,22109413,0.4071
2026-09-05,de,Wehrtechnik,12,22587278,0.5313
2026-09-06,de,Wehrtechnik,5,23711484,0.2109
2026-09-07,de,Wehrtechnik,16,22173010,0.7216
2026-09-08,de,Wehrtechnik,25,21022259,1.1892
2026-09-09,de,Wehrtechnik,25,21757884,1.1490
2026-09-10,de,Wehrtechnik,16,21667296,0.7384
2026-09-11,de,Wehrtechnik,14,22127322,0.6327
2026-09-12,de,Wehrtechnik,13,22084998,0.5886
2026-09-13,de,Wehrtechnik,25,25367556,0.9855
2026-09-14,de,Wehrtechnik,7,22785662,0.3072
2026-09-15,de,Wehrtechnik,19,22183903,0.8565
2026-09-16,de,Wehrtechnik,23,21848921,1.0527
2026-09-17,de,Wehrtechnik,24,22082895,1.0868
2026-09-18,de,Wehrtechnik,15,23936022,0.6267
2026-09-19,de,Wehrtechnik,16,23031043,0.6947
2026-09-20,de,Wehrtechnik,22,24129305,0.9118
2026-09-21,de,Wehrtechnik,10,22268030,0.4491
2026-09-22,de,Wehrtechnik,15,20821148,0.7204
2024-09-22,es,Tecnología militar,62,26032000,2.3817
2024-09-23,es,Tecnología militar,34,26772275,1.2700
2024-09-24,es,Tecnología militar,42,26168267,1.6050
2024-09-25,es,Tecnología militar,46,26504067,1.7356
2024-09-26,es,Tecnología militar,49,26030764,1.8824
2024-09-27,es,Tecnología militar,21,24460307,0.8585
2024-09-28,es,Tecnología militar,20,23040503,0.8680
2024-09-29,es,Tecnología militar,23,25369541,0.9066
2024-09-30,es,Tecnología militar,29,26241771,1.1051
2024-10-01,es,Tecnología militar,28,26869375,1.0421
2024-10-02,es,Tecnología militar,46,27447895,1.6759
2024-10-03,es,Tecnología militar,30,26498182,1.1322
2024-10-04,es,Tecnología militar,25,24847406,1.0061
2024-10-05,es,Tecnología militar,18,23725257,0.7587
2024-10-06,es,Tecnología militar,20,27202236,0.7352
2024-10-07,es,Tecnología militar,27,28147087,0.9592
2024-10-08,es,Tecnología militar,47,28105837,1.6723
2024-10-09,es,Tecnología militar,28,27807772,1.0069
2024-10-10,es,Tecnología militar,27,26573850,1.0160
2024-10-11,es,Tecnología militar,14,24269355,0.5769
2024-10-12,es,Tecnología militar,13,24146652,0.5384
2024-10-13,es,Tecnología militar,16,26683685,0.5996
2024-10-14,es,Tecnología militar,17,27313357,0.6224
2024-10-15,es,Tecnología militar,30,27225249,1.1019
2024-10-16,es,Tecnología militar,33,28170521,1.1714
2024-10-17,es,Tecnología militar,29,27212673,1.0657
2024-10-18,es,Tecnología militar,23,24298097,0.9466
2024-10-19,es,Tecnología militar,20,22988914,0.8700
2024-10-20,es,Tecnología militar,24,25955409,0.9247
2024-10-21,es,Tecnología militar,24,27022702,0.8881
2024-10-22,es,Tecnología militar,45,26603912,1.6915
2024-10-23,es,Tecnología militar,37,27063461,1.3672
2024-10-24,es,Tecnología militar,55,26233239,2.0966
2024-10-25,es,Tecnología militar,15,24430082,0.6140
2024-10-26,es,Tecnología militar,15,23650709,0.6342
2024-10-27,es,Tecnología militar,11,26609398,0.4134
2024-10-28,es,Tecnología militar,41,28035018,1.4625
2024-10-29,es,Tecnología militar,26,26026535,0.9990
2024-10-30,es,Tecnología militar,22,24911516,0.8831
2024-10-31,es,Tecnología militar,23,22814986,1.0081
2024-11-01,es,Tecnología militar,17,22153949,0.7674
2024-11-02,es,Tecnología militar,16,22328599,0.7166
2024-11-03,es,Tecnología militar,11,24888557,0.4420
2024-11-04,es,Tecnología militar,22,26042496,0.8448
2024-11-05,es,Tecnología militar,21,25628102,0.8194
2024-11-06,es,Tecnología militar,19,27145960,0.6999
2024-11-07,es,Tecnología militar,28,25038293,1.1183
2024-11-08,es,Tecnología militar,28,23240547,1.2048
2024-11-09,es,Tecnología militar,10,22626148,0.4420
2024-11-10,es,Tecnología militar,20,25588341,0.7816
2024-11-11,es,Tecnología militar,19,25813191,0.7361
2024-11-12,es,Tecnología militar,27,25186974,1.0720
2024-11-13,es,Tecnología militar,22,24775559,0.8880
2024-11-14,es,Tecnología militar,14,24255981,0.5772
2024-11-15,es,Tecnología militar,22,22993891,0.9568
2024-11-16,es,Tecnología militar,8,22493811,0.3557
2024-11-17,es,Tecnología militar,19,26028043,0.7300
2024-11-18,es,Tecnología militar,8,25403190,0.3149
2024-11-19,es,Tecnología militar,10,24766888,0.4038
2024-11-20,es,Tecnología militar,10,24522026,0.4078
2024-11-21,es,Tecnología militar,30,24125623,1.2435
2024-11-22,es,Tecnología militar,15,22699000,0.6608
2024-11-23,es,Tecnología militar,13,22837393,0.5692
2024-11-24,es,Tecnología militar,12,25931210,0.4628
2024-11-25,es,Tecnología militar,15,26070221,0.5754
2024-11-26,es,Tecnología militar,28,24729334,1.1323
2024-11-27,es,Tecnología militar,34,24040246,1.4143
2024-11-28,es,Tecnología militar,17,22739101,0.7476
2024-11-29,es,Tecnología militar,12,22038537,0.5445
2024-11-30,es,Tecnología militar,14,21763473,0.6433
2024-12-01,es,Tecnología militar,19,24511387,0.7751
2024-12-02,es,Tecnología militar,20,24091810,0.8302
2024-12-03,es,Tecnología militar,14,23398498,0.5983
2024-12-04,es,Tecnología militar,20,23042375,0.8680
2024-12-05,es,Tecnología militar,35,21990947,1.5916
2024-12-06,es,Tecnología militar,31,21538567,1.4393
2024-12-07,es,Tecnología militar,11,20804319,0.5287
2024-12-08,es,Tecnología militar,10,23766674,0.4208
2024-12-09,es,Tecnología militar,18,23713257,0.7591
2024-12-10,es,Tecnología militar,16,22092547,0.7242
2024-12-11,es,Tecnología militar,7,21831137,0.3206
2024-12-12,es,Tecnología militar,16,21339060,0.7498
2024-12-13,es,Tecnología militar,11,20281937,0.5424
2024-12-14,es,Tecnología militar,7,19900377,0.3518
2024-12-15,es,Tecnología militar,10,23261886,0.4299
2024-12-16,es,Tecnología militar,14,21845828,0.6409
2024-12-17,es,Tecnología militar,19,20803360,0.9133
2024-12-18,es,Tecnología militar,6,20392729,0.2942
2024-12-19,es,Tecnología militar,8,19886788,0.4023
2024-12-20,es,Tecnología militar,2,18552083,0.1078
2024-12-21,es,Tecnología militar,4,18568981,0.2154
2024-12-22,es,Tecnología militar,4,20351960,0.1965
2024-12-23,es,Tecnología militar,13,19652941,0.6615
2024-12-24,es,Tecnología militar,7,18039980,0.3880
2024-12-25,es,Tecnología militar,6,20140822,0.2979
2024-12-26,es,Tecnología militar,3,21839664,0.1374
2024-12-27,es,Tecnología militar,4,21173906,0.1889
2024-12-28,es,Tecnología militar,1,21623011,0.0462
2024-12-29,es,Tecnología militar,7,23283029,0.3006
2024-12-30,es,Tecnología militar,6,22088787,0.2716
2024-12-31,es,Tecnología militar,4,19504360,0.2051
2025-01-01,es,Tecnología militar,2,21133450,0.0946
2025-01-02,es,Tecnología militar,14,22556377,0.6207
2025-01-03,es,Tecnología militar,3,22806094,0.1315
2025-01-04,es,Tecnología militar,6,23401987,0.2564
2025-01-05,es,Tecnología militar,2,24504573,0.0816
2025-01-06,es,Tecnología militar,7,24834548,0.2819
2025-01-07,es,Tecnología militar,11,23101167,0.4762
2025-01-08,es,Tecnología militar,14,23509846,0.5955
2025-01-09,es,Tecnología militar,23,24242269,0.9488
2025-01-10,es,Tecnología militar,4,23747004,0.1684
2025-01-11,es,Tecnología militar,13,23763228,0.5471
2025-01-12,es,Tecnología militar,5,25190456,0.1985
2025-01-13,es,Tecnología militar,21,24542468,0.8557
2025-01-14,es,Tecnología militar,12,24777463,0.4843
2025-01-15,es,Tecnología militar,14,24757335,0.5655
2025-01-16,es,Tecnología militar,15,24607361,0.6096
2025-01-17,es,Tecnología militar,15,23890428,0.6279
2025-01-18,es,Tecnología militar,3,23451093,0.1279
2025-01-19,es,Tecnología militar,12,26145201,0.4590
2025-01-20,es,Tecnología militar,16,26985267,0.5929
2025-01-21,es,Tecnología militar,12,26851074,0.4469
2025-01-22,es,Tecnología militar,16,26381923,0.6065
2025-01-23,es,Tecnología militar,14,26934443,0.5198
2025-01-24,es,Tecnología militar,12,24517064,0.4895
2025-01-25,es,Tecnología militar,12,24315141,0.4935
2025-01-26,es,Tecnología militar,10,26892463,0.3719
2025-01-27,es,Tecnología militar,22,26324887,0.8357
2025-01-28,es,Tecnología militar,18,25860319,0.6960
2025-01-29,es,Tecnología militar,24,26075084,0.9204
2025-01-30,es,Tecnología militar,21,24817700,0.8462
2025-01-31,es,Tecnología militar,18,23402729,0.7691
2025-02-01,es,Tecnología militar,11,23200813,0.4741
2025-02-02,es,Tecnología militar,16,25754403,0.6213
2025-02-03,es,Tecnología militar,16,25097060,0.6375
2025-02-04,es,Tecnología militar,24,24842715,0.9661
2025-02-05,es,Tecnología militar,20,25009869,0.7997
2025-02-06,es,Tecnología militar,14,31323005,0.4470
2025-02-07,es,Tecnología militar,23,22514090,1.0216
2025-02-08,es,Tecnología militar,14,22898562,0.6114
2025-02-09,es,Tecnología militar,51,25803784,1.9765
2025-02-10,es,Tecnología militar,35,25512226,1.3719
2025-02-11,es,Tecnología militar,28,24185439,1.1577
2025-02-12,es,Tecnología militar,21,24220293,0.8670
2025-02-13,es,Tecnología militar,30,24314875,1.2338
2025-02-14,es,Tecnología militar,13,21918244,0.5931
2025-02-15,es,Tecnología militar,14,21917728,0.6388
2025-02-16,es,Tecnología militar,8,25472690,0.3141
2025-02-17,es,Tecnología militar,20,25176419,0.7944
2025-02-18,es,Tecnología militar,20,24620996,0.8123
2025-02-19,es,Tecnología militar,20,24732302,0.8087
2025-02-20,es,Tecnología militar,24,24834411,0.9664
2025-02-21,es,Tecnología militar,16,23817915,0.6718
2025-02-22,es,Tecnología militar,4,23845261,0.1677
2025-02-23,es,Tecnología militar,15,27249163,0.5505
2025-02-24,es,Tecnología militar,26,26403873,0.9847
2025-02-25,es,Tecnología militar,21,24302174,0.8641
2025-02-26,es,Tecnología militar,23,24381228,0.9433
2025-02-27,es,Tecnología militar,27,24400147,1.1066
2025-02-28,es,Tecnología militar,18,23026310,0.7817
2025-03-01,es,Tecnología militar,10,22619726,0.4421
2025-03-02,es,Tecnología militar,6,25666826,0.2338
2025-03-03,es,Tecnología militar,9,27455640,0.3278
2025-03-04,es,Tecnología militar,24,25374468,0.9458
2025-03-05,es,Tecnología militar,38,25150709,1.5109
2025-03-06,es,Tecnología militar,31,24752713,1.2524
2025-03-07,es,Tecnología militar,10,23505153,0.4254
2025-03-08,es,Tecnología militar,17,24099914,0.7054
2025-03-09,es,Tecnología militar,9,26027794,0.3458
2025-03-10,es,Tecnología militar,22,25039765,0.8786
2025-03-11,es,Tecnología militar,20,24799391,0.8065
2025-03-12,es,Tecnología militar,17,24245990,0.7011
2025-03-13,es,Tecnología militar,20,23361106,0.8561
2025-03-14,es,Tecnología militar,15,22355081,0.6710
2025-03-15,es,Tecnología militar,5,21610558,0.2314
2025-03-16,es,Tecnología militar,14,25290291,0.5536
2025-03-17,es,Tecnología militar,15,24596643,0.6098
2025-03-18,es,Tecnología militar,11,24537039,0.4483
2025-03-19,es,Tecnología militar,14,22832066,0.6132
2025-03-20,es,Tecnología militar,12,23390043,0.5130
2025-03-21,es,Tecnología militar,9,22141364,0.4065
2025-03-22,es,Tecnología militar,14,22416460,0.6245
2025-03-23,es,Tecnología militar,6,25254942,0.2376
2025-03-24,es,Tecnología militar,12,25027554,0.4795
2025-03-25,es,Tecnología militar,14,23854137,0.5869
2025-03-26,es,Tecnología militar,20,23664803,0.8451
2025-03-27,es,Tecnología militar,35,22851058,1.5317
2025-03-28,es,Tecnología militar,18,21431611,0.8399
2025-03-29,es,Tecnología militar,17,21258021,0.7997
2025-03-30,es,Tecnología militar,15,23498818,0.6383
2025-03-31,es,Tecnología militar,15,22995621,0.6523
2025-04-01,es,Tecnología militar,13,21630709,0.6010
2025-04-02,es,Tecnología militar,10,22429444,0.4458
2025-04-03,es,Tecnología militar,9,21628118,0.4161
2025-04-04,es,Tecnología militar,11,20530450,0.5358
2025-04-05,es,Tecnología militar,8,19962585,0.4007
2025-04-06,es,Tecnología militar,10,22341343,0.4476
2025-04-07,es,Tecnología militar,18,22273255,0.8081
2025-04-08,es,Tecnología militar,6,22106738,0.2714
2025-04-09,es,Tecnología militar,16,21730526,0.7363
2025-04-10,es,Tecnología militar,18,21025207,0.8561
2025-04-11,es,Tecnología militar,6,19831127,0.3026
2025-04-12,es,Tecnología militar,20,19780330,1.0111
2025-04-13,es,Tecnología militar,3,21755861,0.1379
2025-04-14,es,Tecnología militar,16,22420349,0.7136
2025-04-15,es,Tecnología militar,6,20567179,0.2917
2025-04-16,es,Tecnología militar,12,19946636,0.6016
2025-04-17,es,Tecnología militar,11,20340575,0.5408
2025-04-18,es,Tecnología militar,5,22355196,0.2237
2025-04-19,es,Tecnología militar,5,22862176,0.2187
2025-04-20,es,Tecnología militar,5,23637430,0.2115
2025-04-21,es,Tecnología militar,8,27239458,0.2937
2025-04-22,es,Tecnología militar,14,24459385,0.5724
2025-04-23,es,Tecnología militar,7,23150714,0.3024
2025-04-24,es,Tecnología militar,11,21960818,0.5009
2025-04-25,es,Tecnología militar,7,21029116,0.3329
2025-04-26,es,Tecnología militar,14,22026510,0.6356
2025-04-27,es,Tecnología militar,12,23657912,0.5072
2025-04-28,es,Tecnología militar,9,18957500,0.4747
2025-04-29,es,Tecnología militar,18,20474020,0.8792
2025-04-30,es,Tecnología militar,10,20393680,0.4903
2025-05-01,es,Tecnología militar,14,22787622,0.6144
2025-05-02,es,Tecnología militar,9,21533041,0.4180
2025-05-03,es,Tecnología militar,4,20422348,0.1959
2025-05-04,es,Tecnología militar,9,22924127,0.3926
2025-05-05,es,Tecnología militar,11,22201116,0.4955
2025-05-06,es,Tecnología militar,9,21327673,0.4220
2025-05-07,es,Tecnología militar,7,21773805,0.3215
2025-05-08,es,Tecnología militar,9,29119592,0.3091
2025-05-09,es,Tecnología militar,6,22333510,0.2687
2025-05-10,es,Tecnología militar,6,20372542,0.2945
2025-05-11,es,Tecnología militar,8,22035974,0.3630
2025-05-12,es,Tecnología militar,7,21565668,0.3246
2025-05-13,es,Tecnología militar,13,21397863,0.6075
2025-05-14,es,Tecnología militar,26,21794542,1.1930
2025-05-15,es,Tecnología militar,11,20421958,0.5386
2025-05-16,es,Tecnología militar,26,19529534,1.3313
2025-05-17,es,Tecnología militar,2,20304771,0.0985
2025-05-18,es,Tecnología militar,10,22089325,0.4527
2025-05-19,es,Tecnología militar,10,21771442,0.4593
2025-05-20,es,Tecnología militar,6,20622474,0.2909
2025-05-21,es,Tecnología militar,24,21105754,1.1371
2025-05-22,es,Tecnología militar,19,20595636,0.9225
2025-05-23,es,Tecnología militar,10,19653355,0.5088
2025-05-24,es,Tecnología militar,6,19581363,0.3064
2025-05-25,es,Tecnología militar,4,22279228,0.1795
2025-05-26,es,Tecnología militar,18,22375054,0.8045
2025-05-27,es,Tecnología militar,16,20857142,0.7671
2025-05-28,es,Tecnología militar,8,20651961,0.3874
2025-05-29,es,Tecnología militar,14,19973688,0.7009
2025-05-30,es,Tecnología militar,5,18731478,0.2669
2025-05-31,es,Tecnología militar,7,19902242,0.3517
2025-06-01,es,Tecnología militar,2,21472706,0.0931
2025-06-02,es,Tecnología militar,4,20973117,0.1907
2025-06-03,es,Tecnología militar,17,20179655,0.8424
2025-06-04,es,Tecnología militar,17,19951193,0.8521
2025-06-05,es,Tecnología militar,9,19848112,0.4534
2025-06-06,es,Tecnología militar,17,19256240,0.8828
2025-06-07,es,Tecnología militar,10,19104705,0.5234
2025-06-08,es,Tecnología militar,2,24723338,0.0809
2025-06-09,es,Tecnología militar,5,21399155,0.2337
2025-06-10,es,Tecnología militar,9,20032695,0.4493
2025-06-11,es,Tecnología militar,9,19654245,0.4579
2025-06-12,es,Tecnología militar,6,18972081,0.3163
2025-06-13,es,Tecnología militar,13,18514748,0.7021
2025-06-14,es,Tecnología militar,6,18735738,0.3202
2025-06-15,es,Tecnología militar,10,20548881,0.4866
2025-06-16,es,Tecnología militar,21,20152329,1.0421
2025-06-17,es,Tecnología militar,5,19735619,0.2533
2025-06-18,es,Tecnología militar,18,19429080,0.9264
2025-06-19,es,Tecnología militar,13,18912437,0.6874
2025-06-20,es,Tecnología militar,6,18530701,0.3238
2025-06-21,es,Tecnología militar,2,19132549,0.1045
2025-06-22,es,Tecnología militar,10,21660238,0.4617
2025-06-23,es,Tecnología militar,24,20418094,1.1754
2025-06-24,es,Tecnología militar,16,19283993,0.8297
2025-06-25,es,Tecnología militar,7,18574054,0.3769
2025-06-26,es,Tecnología militar,11,18428450,0.5969
2025-06-27,es,Tecnología militar,6,18146988,0.3306
2025-06-28,es,Tecnología militar,6,18161782,0.3304
2025-06-29,es,Tecnología militar,2,20532426,0.0974
2025-06-30,es,Tecnología militar,8,19517517,0.4099
2025-07-01,es,Tecnología militar,11,18437577,0.5966
2025-07-02,es,Tecnología militar,8,18300365,0.4371
2025-07-03,es,Tecnología militar,5,19090285,0.2619
2025-07-04,es,Tecnología militar,5,18347329,0.2725
2025-07-05,es,Tecnología militar,6,18971409,0.3163
2025-07-06,es,Tecnología militar,0,20196207,0
2025-07-07,es,Tecnología militar,9,19931399,0.4515
2025-07-08,es,Tecnología militar,8,19364289,0.4131
2025-07-09,es,Tecnología militar,4,19442297,0.2057
2025-07-10,es,Tecnología militar,5,19019291,0.2629
2025-07-11,es,Tecnología militar,5,19235675,0.2599
2025-07-12,es,Tecnología militar,3,19193152,0.1563
2025-07-13,es,Tecnología militar,2,21573309,0.0927
2025-07-14,es,Tecnología militar,6,20020260,0.2997
2025-07-15,es,Tecnología militar,8,19082212,0.4192
2025-07-16,es,Tecnología militar,3,18947753,0.1583
2025-07-17,es,Tecnología militar,3,18840411,0.1592
2025-07-18,es,Tecnología militar,8,18180475,0.4400
2025-07-19,es,Tecnología militar,5,18677863,0.2677
2025-07-20,es,Tecnología militar,2,21001158,0.0952
2025-07-21,es,Tecnología militar,8,20593407,0.3885
2025-07-22,es,Tecnología militar,4,20460036,0.1955
2025-07-23,es,Tecnología militar,11,20442255,0.5381
2025-07-24,es,Tecnología militar,2,20394369,0.0981
2025-07-25,es,Tecnología militar,4,19584814,0.2042
2025-07-26,es,Tecnología militar,2,19326831,0.1035
2025-07-27,es,Tecnología militar,2,21179184,0.0944
2025-07-28,es,Tecnología militar,2,20847785,0.0959
2025-07-29,es,Tecnología militar,6,19665991,0.3051
2025-07-30,es,Tecnología militar,9,19525004,0.4609
2025-07-31,es,Tecnología militar,4,18879512,0.2119
2025-08-01,es,Tecnología militar,4,18091821,0.2211
2025-08-02,es,Tecnología militar,4,18545838,0.2157
2025-08-03,es,Tecnología militar,4,20512050,0.1950
2025-08-04,es,Tecnología militar,6,19627235,0.3057
2025-08-05,es,Tecnología militar,9,18642065,0.4828
2025-08-06,es,Tecnología militar,11,20306048,0.5417
2025-08-07,es,Tecnología militar,10,19201720,0.5208
2025-08-08,es,Tecnología militar,10,18375411,0.5442
2025-08-09,es,Tecnología militar,1,18178400,0.0550
2025-08-10,es,Tecnología militar,5,19910581,0.2511
2025-08-11,es,Tecnología militar,9,19667374,0.4576
2025-08-12,es,Tecnología militar,7,18808429,0.3722
2025-08-13,es,Tecnología militar,12,18941614,0.6335
2025-08-14,es,Tecnología militar,4,18474317,0.2165
2025-08-15,es,Tecnología militar,6,18512831,0.3241
2025-08-16,es,Tecnología militar,7,18307508,0.3824
2025-08-17,es,Tecnología militar,3,20385774,0.1472
2025-08-18,es,Tecnología militar,5,20443759,0.2446
2025-08-19,es,Tecnología militar,12,19370733,0.6195
2025-08-20,es,Tecnología militar,1,18949455,0.0528
2025-08-21,es,Tecnología militar,9,18774207,0.4794
2025-08-22,es,Tecnología militar,18,18428011,0.9768
2025-08-23,es,Tecnología militar,2,18258602,0.1095
2025-08-24,es,Tecnología militar,17,20079805,0.8466
2025-08-25,es,Tecnología militar,8,20730377,0.3859
2025-08-26,es,Tecnología militar,7,20486788,0.3417
2025-08-27,es,Tecnología militar,3,21311438,0.1408
2025-08-28,es,Tecnología militar,10,20282855,0.4930
2025-08-29,es,Tecnología militar,6,18245319,0.3289
2025-08-30,es,Tecnología militar,4,18425679,0.2171
2025-08-31,es,Tecnología militar,3,20179545,0.1487
2025-09-01,es,Tecnología militar,9,19097540,0.4713
2025-09-02,es,Tecnología militar,11,18908134,0.5818
2025-09-03,es,Tecnología militar,7,18788991,0.3726
2025-09-04,es,Tecnología militar,10,18888723,0.5294
2025-09-05,es,Tecnología militar,11,19019604,0.5784
2025-09-06,es,Tecnología militar,2,18419471,0.1086
2025-09-07,es,Tecnología militar,6,21489008,0.2792
2025-09-08,es,Tecnología militar,9,20631968,0.4362
2025-09-09,es,Tecnología militar,15,19260943,0.7788
2025-09-10,es,Tecnología militar,1,20125633,0.0497
2025-09-11,es,Tecnología militar,6,19486410,0.3079
2025-09-12,es,Tecnología militar,7,18208980,0.3844
2025-09-13,es,Tecnología militar,2,17966181,0.1113
2025-09-14,es,Tecnología militar,1,20279487,0.0493
2025-09-15,es,Tecnología militar,6,19190212,0.3127
2025-09-16,es,Tecnología militar,6,20049793,0.2993
2025-09-17,es,Tecnología militar,9,19644454,0.4581
2025-09-18,es,Tecnología militar,18,19432445,0.9263
2025-09-19,es,Tecnología militar,11,18599889,0.5914
2025-09-20,es,Tecnología militar,4,18448353,0.2168
2025-09-21,es,Tecnología militar,4,20541745,0.1947
2025-09-22,es,Tecnología militar,6,19944694,0.3008
2025-09-23,es,Tecnología militar,9,19085662,0.4716
2025-09-24,es,Tecnología militar,14,19013886,0.7363
2025-09-25,es,Tecnología militar,9,18803281,0.4786
2025-09-26,es,Tecnología militar,14,17907570,0.7818
2025-09-27,es,Tecnología militar,11,18065740,0.6089
2025-09-28,es,Tecnología militar,4,20351299,0.1965
2025-09-29,es,Tecnología militar,5,19520703,0.2561
2025-09-30,es,Tecnología militar,11,18590491,0.5917
2025-10-01,es,Tecnología militar,10,18669498,0.5356
2025-10-02,es,Tecnología militar,15,21048043,0.7127
2025-10-03,es,Tecnología militar,17,17743723,0.9581
2025-10-04,es,Tecnología militar,1,18217911,0.0549
2025-10-05,es,Tecnología militar,4,20973600,0.1907
2025-10-06,es,Tecnología militar,8,20173260,0.3966
2025-10-07,es,Tecnología militar,18,19289346,0.9332
2025-10-08,es,Tecnología militar,12,19555722,0.6136
2025-10-09,es,Tecnología militar,9,19633852,0.4584
2025-10-10,es,Tecnología militar,4,19745905,0.2026
2025-10-11,es,Tecnología militar,7,19714844,0.3551
2025-10-12,es,Tecnología militar,8,21895775,0.3654
2025-10-13,es,Tecnología militar,8,20881319,0.3831
2025-10-14,es,Tecnología militar,13,19734313,0.6588
2025-10-15,es,Tecnología militar,9,19474206,0.4621
2025-10-16,es,Tecnología militar,6,19039166,0.3151
2025-10-17,es,Tecnología militar,7,18400743,0.3804
2025-10-18,es,Tecnología militar,3,18375137,0.1633
2025-10-19,es,Tecnología militar,3,20482625,0.1465
2025-10-20,es,Tecnología militar,7,20235376,0.3459
2025-10-21,es,Tecnología militar,11,19307676,0.5697
2025-10-22,es,Tecnología militar,8,18964396,0.4218
2025-10-23,es,Tecnología militar,8,20161458,0.3968
2025-10-24,es,Tecnología militar,7,20722343,0.3378
2025-10-25,es,Tecnología militar,11,18974581,0.5797
2025-10-26,es,Tecnología militar,3,20368227,0.1473
2025-10-27,es,Tecnología militar,13,20073061,0.6476
2025-10-28,es,Tecnología militar,8,19189371,0.4169
2025-10-29,es,Tecnología militar,5,19473088,0.2568
2025-10-30,es,Tecnología militar,6,18598096,0.3226
2025-10-31,es,Tecnología militar,2,17617328,0.1135
2025-11-01,es,Tecnología militar,5,18290411,0.2734
2025-11-02,es,Tecnología militar,7,21032216,0.3328
2025-11-03,es,Tecnología militar,7,20000644,0.3500
2025-11-04,es,Tecnología militar,8,19334855,0.4138
2025-11-05,es,Tecnología militar,6,19195640,0.3126
2025-11-06,es,Tecnología militar,7,18996763,0.3685
2025-11-07,es,Tecnología militar,10,19446275,0.5142
2025-11-08,es,Tecnología militar,5,18691973,0.2675
2025-11-09,es,Tecnología militar,9,20750447,0.4337
2025-11-10,es,Tecnología militar,10,20096688,0.4976
2025-11-11,es,Tecnología militar,6,19500120,0.3077
2025-11-12,es,Tecnología militar,4,19024350,0.2103
2025-11-13,es,Tecnología militar,10,19167590,0.5217
2025-11-14,es,Tecnología militar,3,18842655,0.1592
2025-11-15,es,Tecnología militar,3,18696806,0.1605
2025-11-16,es,Tecnología militar,6,22192557,0.2704
2025-11-17,es,Tecnología militar,3,20924685,0.1434
2025-11-18,es,Tecnología militar,3,19253530,0.1558
2025-11-19,es,Tecnología militar,1,21211146,0.0471
2025-11-20,es,Tecnología militar,3,19323599,0.1553
2025-11-21,es,Tecnología militar,7,19915489,0.3515
2025-11-22,es,Tecnología militar,8,19810363,0.4038
2025-11-23,es,Tecnología militar,2,20734896,0.0965
2025-11-24,es,Tecnología militar,3,21081151,0.1423
2025-11-25,es,Tecnología militar,12,19911754,0.6027
2025-11-26,es,Tecnología militar,9,18665781,0.4822
2025-11-27,es,Tecnología militar,6,17979911,0.3337
2025-11-28,es,Tecnología militar,7,17298366,0.4047
2025-11-29,es,Tecnología militar,3,18083942,0.1659
2025-11-30,es,Tecnología militar,4,20625214,0.1939
2025-12-01,es,Tecnología militar,2,18176961,0.1100
2025-12-02,es,Tecnología militar,9,17598072,0.5114
2025-12-03,es,Tecnología militar,3,17005322,0.1764
2025-12-04,es,Tecnología militar,9,16582216,0.5428
2025-12-05,es,Tecnología militar,5,16510909,0.3028
2025-12-06,es,Tecnología militar,5,16526096,0.3026
2025-12-07,es,Tecnología militar,4,18004737,0.2222
2025-12-08,es,Tecnología militar,5,18667527,0.2678
2025-12-09,es,Tecnología militar,6,17242913,0.3480
2025-12-10,es,Tecnología militar,4,17351144,0.2305
2025-12-11,es,Tecnología militar,3,16373621,0.1832
2025-12-12,es,Tecnología militar,2,15846769,0.1262
2025-12-13,es,Tecnología militar,3,16259341,0.1845
2025-12-14,es,Tecnología militar,5,18393495,0.2718
2025-12-15,es,Tecnología militar,7,18106979,0.3866
2025-12-16,es,Tecnología militar,1,16214129,0.0617
2025-12-17,es,Tecnología militar,2,15622483,0.1280
2025-12-18,es,Tecnología militar,3,14834722,0.2022
2025-12-19,es,Tecnología militar,4,14394781,0.2779
2025-12-20,es,Tecnología militar,1,15440649,0.0648
2025-12-21,es,Tecnología militar,4,16710985,0.2394
2025-12-22,es,Tecnología militar,4,15732759,0.2542
2025-12-23,es,Tecnología militar,1,14996715,0.0667
2025-12-24,es,Tecnología militar,1,13801482,0.0725
2025-12-25,es,Tecnología militar,1,15478139,0.0646
2025-12-26,es,Tecnología militar,5,16315575,0.3065
2025-12-27,es,Tecnología militar,3,16716351,0.1795
2025-12-28,es,Tecnología militar,3,17796727,0.1686
2025-12-29,es,Tecnología militar,3,16413954,0.1828
2025-12-30,es,Tecnología militar,2,15505878,0.1290
2025-12-31,es,Tecnología militar,5,14104658,0.3545
2026-01-01,es,Tecnología militar,5,15661633,0.3193
2026-01-02,es,Tecnología militar,3,16955575,0.1769
2026-01-03,es,Tecnología militar,3,20055498,0.1496
2026-01-04,es,Tecnología militar,4,20351541,0.1965
2026-01-05,es,Tecnología militar,4,18698038,0.2139
2026-01-06,es,Tecnología militar,10,18288351,0.5468
2026-01-07,es,Tecnología militar,3,17600800,0.1704
2026-01-08,es,Tecnología militar,1,17904007,0.0559
2026-01-09,es,Tecnología militar,5,18345878,0.2725
2026-01-10,es,Tecnología militar,3,19056803,0.1574
2026-01-11,es,Tecnología militar,9,20594089,0.4370
2026-01-12,es,Tecnología militar,15,23815089,0.6299
2026-01-13,es,Tecnología militar,11,18693310,0.5884
2026-01-14,es,Tecnología militar,7,18490404,0.3786
2026-01-15,es,Tecnología militar,7,18182660,0.3850
2026-01-16,es,Tecnología militar,4,18167737,0.2202
2026-01-17,es,Tecnología militar,4,19311284,0.2071
2026-01-18,es,Tecnología militar,5,21032641,0.2377
2026-01-19,es,Tecnología militar,15,19645384,0.7635
2026-01-20,es,Tecnología militar,11,19088477,0.5763
2026-01-21,es,Tecnología militar,4,18551861,0.2156
2026-01-22,es,Tecnología militar,9,18556946,0.4850
2026-01-23,es,Tecnología militar,6,17495165,0.3430
2026-01-24,es,Tecnología militar,4,17620521,0.2270
2026-01-25,es,Tecnología militar,7,19374315,0.3613
2026-01-26,es,Tecnología militar,7,18298358,0.3825
2026-01-27,es,Tecnología militar,11,17857185,0.6160
2026-01-28,es,Tecnología militar,8,19540921,0.4094
2026-01-29,es,Tecnología militar,3,22618874,0.1326
2026-01-30,es,Tecnología militar,2,23604053,0.0847
2026-01-31,es,Tecnología militar,5,22947237,0.2179
2026-02-01,es,Tecnología militar,6,26147797,0.2295
2026-02-02,es,Tecnología militar,4,25660772,0.1559
2026-02-03,es,Tecnología militar,3,25185787,0.1191
2026-02-04,es,Tecnología militar,9,24702447,0.3643
2026-02-05,es,Tecnología militar,4,23891988,0.1674
2026-02-06,es,Tecnología militar,6,22853011,0.2625
2026-02-07,es,Tecnología militar,6,20581100,0.2915
2026-02-08,es,Tecnología militar,0,22000967,0
2026-02-09,es,Tecnología militar,3,19520865,0.1537
2026-02-10,es,Tecnología militar,8,17551683,0.4558
2026-02-11,es,Tecnología militar,8,17328009,0.4617
2026-02-12,es,Tecnología militar,8,16866124,0.4743
2026-02-13,es,Tecnología militar,4,16613672,0.2408
2026-02-14,es,Tecnología militar,4,17005159,0.2352
2026-02-15,es,Tecnología militar,2,18795051,0.1064
2026-02-16,es,Tecnología militar,5,17428006,0.2869
2026-02-17,es,Tecnología militar,7,17609500,0.3975
2026-02-18,es,Tecnología militar,8,17194763,0.4653
2026-02-19,es,Tecnología militar,11,17564614,0.6263
2026-02-20,es,Tecnología militar,5,17161727,0.2913
2026-02-21,es,Tecnología militar,21,17294303,1.2143
2026-02-22,es,Tecnología militar,4,19863633,0.2014
2026-02-23,es,Tecnología militar,15,19246106,0.7794
2026-02-24,es,Tecnología militar,10,18057112,0.5538
2026-02-25,es,Tecnología militar,31,17555529,1.7658
2026-02-26,es,Tecnología militar,12,17099934,0.7018
2026-02-27,es,Tecnología militar,10,16484042,0.6066
2026-02-28,es,Tecnología militar,1,16859792,0.0593
2026-03-01,es,Tecnología militar,1,19418370,0.0515
2026-03-02,es,Tecnología militar,9,17117261,0.5258
2026-03-03,es,Tecnología militar,6,16547487,0.3626
2026-03-04,es,Tecnología militar,5,16707214,0.2993
2026-03-05,es,Tecnología militar,6,16540685,0.3627
2026-03-06,es,Tecnología militar,7,15985390,0.4379
2026-03-07,es,Tecnología militar,1,16376916,0.0611
2026-03-08,es,Tecnología militar,12,18407617,0.6519
2026-03-09,es,Tecnología militar,4,17879489,0.2237
2026-03-10,es,Tecnología militar,14,16940127,0.8264
2026-03-11,es,Tecnología militar,8,16887951,0.4737
2026-03-12,es,Tecnología militar,5,16222535,0.3082
2026-03-13,es,Tecnología militar,9,16309428,0.5518
2026-03-14,es,Tecnología militar,7,16848899,0.4155
2026-03-15,es,Tecnología militar,3,18380202,0.1632
2026-03-16,es,Tecnología militar,5,18108362,0.2761
2026-03-17,es,Tecnología militar,36,16691035,2.1568
2026-03-18,es,Tecnología militar,9,16588290,0.5426
2026-03-19,es,Tecnología militar,19,16234857,1.1703
2026-03-20,es,Tecnología militar,16,16038276,0.9976
2026-03-21,es,Tecnología militar,8,16354825,0.4892
2026-03-22,es,Tecnología militar,4,17598467,0.2273
2026-03-23,es,Tecnología militar,3,16877681,0.1777
2026-03-24,es,Tecnología militar,15,16997955,0.8825
2026-03-25,es,Tecnología militar,9,16340043,0.5508
2026-03-26,es,Tecnología militar,7,15900593,0.4402
2026-03-27,es,Tecnología militar,10,15528806,0.6440
2026-03-28,es,Tecnología militar,3,15748596,0.1905
2026-03-29,es,Tecnología militar,3,17587827,0.1706
2026-03-30,es,Tecnología militar,6,16490864,0.3638
2026-03-31,es,Tecnología militar,13,16103732,0.8073
2026-04-01,es,Tecnología militar,3,15844762,0.1893
2026-04-02,es,Tecnología militar,2,16691419,0.1198
2026-04-03,es,Tecnología militar,0,17862938,0
2026-04-04,es,Tecnología militar,6,18250748,0.3288
2026-04-05,es,Tecnología militar,2,18858461,0.1061
2026-04-06,es,Tecnología militar,7,17587741,0.3980
2026-04-07,es,Tecnología militar,7,16998407,0.4118
2026-04-08,es,Tecnología militar,8,16499984,0.4848
2026-04-09,es,Tecnología militar,5,16430240,0.3043
2026-04-10,es,Tecnología militar,9,16361240,0.5501
2026-04-11,es,Tecnología militar,3,17230946,0.1741
2026-04-12,es,Tecnología militar,9,19896075,0.4524
2026-04-13,es,Tecnología militar,10,18708855,0.5345
2026-04-14,es,Tecnología militar,9,17341014,0.5190
2026-04-15,es,Tecnología militar,7,17323682,0.4041
2026-04-16,es,Tecnología militar,14,16915124,0.8277
2026-04-17,es,Tecnología militar,2,16148573,0.1238
2026-04-18,es,Tecnología militar,2,16682372,0.1199
2026-04-19,es,Tecnología militar,3,18257974,0.1643
2026-04-20,es,Tecnología militar,7,17662895,0.3963
2026-04-21,es,Tecnología militar,1,16576435,0.0603
2026-04-22,es,Tecnología militar,4,16635991,0.2404
2026-04-23,es,Tecnología militar,4,16554127,0.2416
2026-04-24,es,Tecnología militar,3,16003220,0.1875
2026-04-25,es,Tecnología militar,4,16230668,0.2464
2026-04-26,es,Tecnología militar,4,18107037,0.2209
2026-04-27,es,Tecnología militar,16,17374879,0.9209
2026-04-28,es,Tecnología militar,6,17035819,0.3522
2026-04-29,es,Tecnología militar,9,16108381,0.5587
2026-04-30,es,Tecnología militar,5,15601371,0.3205
2026-05-01,es,Tecnología militar,6,16641081,0.3606
2026-05-02,es,Tecnología militar,2,17796631,0.1124
2026-05-03,es,Tecnología militar,6,18624743,0.3222
2026-05-04,es,Tecnología militar,3,17562003,0.1708
2026-05-05,es,Tecnología militar,3,17335574,0.1731
2026-05-06,es,Tecnología militar,0,16793925,0
2026-05-07,es,Tecnología militar,8,16226724,0.4930
2026-05-08,es,Tecnología militar,8,15414096,0.5190
2026-05-09,es,Tecnología militar,3,16018793,0.1873
2026-05-10,es,Tecnología militar,4,17118541,0.2337
2026-05-11,es,Tecnología militar,12,16514114,0.7267
2026-05-12,es,Tecnología militar,12,16546489,0.7252
2026-05-13,es,Tecnología militar,18,16519963,1.0896
2026-05-14,es,Tecnología militar,8,16412976,0.4874
2026-05-15,es,Tecnología militar,7,16165589,0.4330
2026-05-16,es,Tecnología militar,9,16256028,0.5536
2026-05-17,es,Tecnología militar,3,18209985,0.1647
2026-05-18,es,Tecnología militar,6,17385093,0.3451
2026-05-19,es,Tecnología militar,10,16860841,0.5931
2026-05-20,es,Tecnología militar,7,16709608,0.4189
2026-05-21,es,Tecnología militar,6,16527126,0.3630
2026-05-22,es,Tecnología militar,8,16388360,0.4882
2026-05-23,es,Tecnología militar,7,16348669,0.4282
2026-05-24,es,Tecnología militar,8,17953025,0.4456
2026-05-25,es,Tecnología militar,15,17937147,0.8363
2026-05-26,es,Tecnología militar,9,16439772,0.5475
2026-05-27,es,Tecnología militar,5,16485381,0.3033
2026-05-28,es,Tecnología militar,9,15670869,0.5743
2026-05-29,es,Tecnología militar,5,15303320,0.3267
2026-05-30,es,Tecnología militar,2,15886337,0.1259
2026-05-31,es,Tecnología militar,7,17793088,0.3934
2026-06-01,es,Tecnología militar,9,16625058,0.5414
2026-06-02,es,Tecnología militar,5,15799163,0.3165
2026-06-03,es,Tecnología militar,5,15765920,0.3171
2026-06-04,es,Tecnología militar,4,16159252,0.2475
2026-06-05,es,Tecnología militar,4,16315330,0.2452
2026-06-06,es,Tecnología militar,4,16252954,0.2461
2026-06-07,es,Tecnología militar,6,18614822,0.3223
2026-06-08,es,Tecnología militar,7,18829715,0.3718
2026-06-09,es,Tecnología militar,4,18017405,0.2220
2026-06-10,es,Tecnología militar,7,16636165,0.4208
2026-06-11,es,Tecnología militar,1,17897450,0.0559
2026-06-12,es,Tecnología militar,6,16841494,0.3563
2026-06-13,es,Tecnología militar,2,17532677,0.1141
2026-06-14,es,Tecnología militar,6,20323980,0.2952
2026-06-15,es,Tecnología militar,5,19667160,0.2542
2026-06-16,es,Tecnología militar,4,17452818,0.2292
2026-06-17,es,Tecnología militar,1,18424724,0.0543
2026-06-18,es,Tecnología militar,6,16869336,0.3557
2026-06-19,es,Tecnología militar,3,16050924,0.1869
2026-06-20,es,Tecnología militar,2,16439510,0.1217
2026-06-21,es,Tecnología militar,1,19218085,0.0520
2026-06-22,es,Tecnología militar,3,17862580,0.1679
2026-06-23,es,Tecnología militar,0,16412384,0
2026-06-24,es,Tecnología militar,4,16489411,0.2426
2026-06-25,es,Tecnología militar,2,16939679,0.1181
2026-06-26,es,Tecnología militar,2,16188616,0.1235
2026-06-27,es,Tecnología militar,2,16888323,0.1184
2026-06-28,es,Tecnología militar,6,18001849,0.3333
2026-06-29,es,Tecnología militar,0,17067081,0
2026-06-30,es,Tecnología militar,0,16774887,0
2026-07-01,es,Tecnología militar,3,17344264,0.1730
2026-07-02,es,Tecnología militar,5,16529656,0.3025
2026-07-03,es,Tecnología militar,0,16343722,0
2026-07-04,es,Tecnología militar,1,17094277,0.0585
2026-07-05,es,Tecnología militar,1,17864547,0.0560
2026-07-06,es,Tecnología militar,2,17893796,0.1118
2026-07-07,es,Tecnología militar,2,17537021,0.1140
2026-07-08,es,Tecnología militar,1,16179079,0.0618
2026-07-09,es,Tecnología militar,0,17603347,0
2026-07-10,es,Tecnología militar,3,17522439,0.1712
2026-07-11,es,Tecnología militar,0,17493524,0
2026-07-12,es,Tecnología militar,1,18512069,0.0540
2026-07-13,es,Tecnología militar,3,17727294,0.1692
2026-07-14,es,Tecnología militar,2,17677504,0.1131
2026-07-15,es,Tecnología militar,4,17389124,0.2300
2026-07-16,es,Tecnología militar,3,15989071,0.1876
2026-07-17,es,Tecnología militar,5,16631558,0.3006
2026-07-18,es,Tecnología militar,0,16820290,0
2026-07-19,es,Tecnología militar,1,20213296,0.0495
2026-07-20,es,Tecnología militar,0,18664570,0
2026-07-21,es,Tecnología militar,0,16724012,0
2026-07-22,es,Tecnología militar,4,16069166,0.2489
2026-07-23,es,Tecnología militar,2,16017912,0.1249
2026-07-24,es,Tecnología militar,2,15976555,0.1252
2026-07-25,es,Tecnología militar,5,16359434,0.3056
2026-07-26,es,Tecnología militar,6,17356382,0.3457
2026-07-27,es,Tecnología militar,5,16888895,0.2961
2026-07-28,es,Tecnología militar,10,16447293,0.6080
2026-07-29,es,Tecnología militar,3,16315579,0.1839
2026-07-30,es,Tecnología militar,6,16000211,0.3750
2026-07-31,es,Tecnología militar,5,15692702,0.3186
2026-08-01,es,Tecnología militar,2,15923755,0.1256
2026-08-02,es,Tecnología militar,4,17207468,0.2325
2026-08-03,es,Tecnología militar,2,16686353,0.1199
2026-08-04,es,Tecnología militar,2,17876594,0.1119
2026-08-05,es,Tecnología militar,5,20052326,0.2493
2026-08-06,es,Tecnología militar,11,17490303,0.6289
2026-08-07,es,Tecnología militar,17,15404151,1.1036
2026-08-08,es,Tecnología militar,2,15381395,0.1300
2026-08-09,es,Tecnología militar,2,16229575,0.1232
2026-08-10,es,Tecnología militar,1,16043481,0.0623
2026-08-11,es,Tecnología militar,4,16565301,0.2415
2026-08-12,es,Tecnología militar,4,15355121,0.2605
2026-08-13,es,Tecnología militar,6,15323218,0.3916
2026-08-14,es,Tecnología militar,5,15319808,0.3264
2026-08-15,es,Tecnología militar,1,16735070,0.0598
2026-08-16,es,Tecnología militar,7,17632742,0.3970
2026-08-17,es,Tecnología militar,8,18470487,0.4331
2026-08-18,es,Tecnología militar,3,16629674,0.1804
2026-08-19,es,Tecnología militar,8,16261329,0.4920
2026-08-20,es,Tecnología militar,2,15851499,0.1262
2026-08-21,es,Tecnología militar,7,15266096,0.4585
2026-08-22,es,Tecnología militar,2,15638780,0.1279
2026-08-23,es,Tecnología militar,8,16998972,0.4706
2026-08-24,es,Tecnología militar,5,16031854,0.3119
2026-08-25,es,Tecnología militar,6,16162426,0.3712
2026-08-26,es,Tecnología militar,7,16522451,0.4237
2026-08-27,es,Tecnología militar,2,15927231,0.1256
2026-08-28,es,Tecnología militar,2,15773525,0.1268
2026-08-29,es,Tecnología militar,1,15359072,0.0651
2026-08-30,es,Tecnología militar,2,16878843,0.1185
2026-08-31,es,Tecnología militar,2,15872677,0.1260
2026-09-01,es,Tecnología militar,6,15005061,0.3999
2026-09-02,es,Tecnología militar,2,15170632,0.1318
2026-09-03,es,Tecnología militar,5,15240550,0.3281
2026-09-04,es,Tecnología militar,4,15294413,0.2615
2026-09-05,es,Tecnología militar,6,15906992,0.3772
2026-09-06,es,Tecnología militar,3,16767706,0.1789
2026-09-07,es,Tecnología militar,7,16329910,0.4287
2026-09-08,es,Tecnología militar,7,15526951,0.4508
2026-09-09,es,Tecnología militar,4,15719609,0.2545
2026-09-10,es,Tecnología militar,5,15773571,0.3170
2026-09-11,es,Tecnología militar,4,16388702,0.2441
2026-09-12,es,Tecnología militar,2,16719014,0.1196
2026-09-13,es,Tecnología militar,4,17588342,0.2274
2026-09-14,es,Tecnología militar,12,16299588,0.7362
2026-09-15,es,Tecnología militar,3,15664332,0.1915
2026-09-16,es,Tecnología militar,10,16011439,0.6246
2026-09-17,es,Tecnología militar,6,16264677,0.3689
2026-09-18,es,Tecnología militar,4,15059708,0.2656
2026-09-19,es,Tecnología militar,7,15284751,0.4580
2026-09-20,es,Tecnología militar,6,17144598,0.3500
2026-09-21,es,Tecnología militar,6,16225562,0.3698
2026-09-22,es,Tecnología militar,7,15757290,0.4442
2024-09-22,it,Tecnologia ed equipaggiamento militare,0,15166063,0
2024-09-23,it,Tecnologia ed equipaggiamento militare,3,14251075,0.2105
2024-09-24,it,Tecnologia ed equipaggiamento militare,2,13854063,0.1444
2024-09-25,it,Tecnologia ed equipaggiamento militare,0,13695592,0
2024-09-26,it,Tecnologia ed equipaggiamento militare,0,13949036,0
2024-09-27,it,Tecnologia ed equipaggiamento militare,3,13329876,0.2251
2024-09-28,it,Tecnologia ed equipaggiamento militare,0,14201882,0
2024-09-29,it,Tecnologia ed equipaggiamento militare,0,15370889,0
2024-09-30,it,Tecnologia ed equipaggiamento militare,0,13916668,0
2024-10-01,it,Tecnologia ed equipaggiamento militare,0,13562527,0
2024-10-02,it,Tecnologia ed equipaggiamento militare,0,13289685,0
2024-10-03,it,Tecnologia ed equipaggiamento militare,2,14024693,0.1426
2024-10-04,it,Tecnologia ed equipaggiamento militare,1,13496857,0.0741
2024-10-05,it,Tecnologia ed equipaggiamento militare,5,13831681,0.3615
2024-10-06,it,Tecnologia ed equipaggiamento militare,0,15336662,0
2024-10-07,it,Tecnologia ed equipaggiamento militare,0,13983152,0
2024-10-08,it,Tecnologia ed equipaggiamento militare,1,14088303,0.0710
2024-10-09,it,Tecnologia ed equipaggiamento militare,0,13629590,0
2024-10-10,it,Tecnologia ed equipaggiamento militare,0,13796205,0
2024-10-11,it,Tecnologia ed equipaggiamento militare,0,13352624,0
2024-10-12,it,Tecnologia ed equipaggiamento militare,0,14178835,0
2024-10-13,it,Tecnologia ed equipaggiamento militare,0,16294339,0
2024-10-14,it,Tecnologia ed equipaggiamento militare,0,14530988,0
2024-10-15,it,Tecnologia ed equipaggiamento militare,0,14227353,0
2024-10-16,it,Tecnologia ed equipaggiamento militare,3,14314980,0.2096
2024-10-17,it,Tecnologia ed equipaggiamento militare,0,14457314,0
2024-10-18,it,Tecnologia ed equipaggiamento militare,0,13858939,0
2024-10-19,it,Tecnologia ed equipaggiamento militare,1,15027891,0.0665
2024-10-20,it,Tecnologia ed equipaggiamento militare,0,15984210,0
2024-10-21,it,Tecnologia ed equipaggiamento militare,0,14294479,0
2024-10-22,it,Tecnologia ed equipaggiamento militare,0,14124160,0
2024-10-23,it,Tecnologia ed equipaggiamento militare,1,14027474,0.0713
2024-10-24,it,Tecnologia ed equipaggiamento militare,4,13586890,0.2944
2024-10-25,it,Tecnologia ed equipaggiamento militare,0,13706064,0
2024-10-26,it,Tecnologia ed equipaggiamento militare,0,14479804,0
2024-10-27,it,Tecnologia ed equipaggiamento militare,0,15854479,0
2024-10-28,it,Tecnologia ed equipaggiamento militare,0,14163705,0
2024-10-29,it,Tecnologia ed equipaggiamento militare,0,13783489,0
2024-10-30,it,Tecnologia ed equipaggiamento militare,4,13256005,0.3018
2024-10-31,it,Tecnologia ed equipaggiamento militare,0,12333978,0
2024-11-01,it,Tecnologia ed equipaggiamento militare,0,14989727,0
2024-11-02,it,Tecnologia ed equipaggiamento militare,2,15107571,0.1324
2024-11-03,it,Tecnologia ed equipaggiamento militare,3,16154206,0.1857
2024-11-04,it,Tecnologia ed equipaggiamento militare,1,14322858,0.0698
2024-11-05,it,Tecnologia ed equipaggiamento militare,0,13889968,0
2024-11-06,it,Tecnologia ed equipaggiamento militare,0,14425935,0
2024-11-07,it,Tecnologia ed equipaggiamento militare,1,13562492,0.0737
2024-11-08,it,Tecnologia ed equipaggiamento militare,0,13222136,0
2024-11-09,it,Tecnologia ed equipaggiamento militare,1,14227814,0.0703
2024-11-10,it,Tecnologia ed equipaggiamento militare,0,15665504,0
2024-11-11,it,Tecnologia ed equipaggiamento militare,0,14125020,0
2024-11-12,it,Tecnologia ed equipaggiamento militare,0,14138580,0
2024-11-13,it,Tecnologia ed equipaggiamento militare,0,13926939,0
2024-11-14,it,Tecnologia ed equipaggiamento militare,3,13596822,0.2206
2024-11-15,it,Tecnologia ed equipaggiamento militare,0,13317385,0
2024-11-16,it,Tecnologia ed equipaggiamento militare,1,14284771,0.0700
2024-11-17,it,Tecnologia ed equipaggiamento militare,7,16428331,0.4261
2024-11-18,it,Tecnologia ed equipaggiamento militare,2,14417258,0.1387
2024-11-19,it,Tecnologia ed equipaggiamento militare,1,14315386,0.0699
2024-11-20,it,Tecnologia ed equipaggiamento militare,0,14340207,0
2024-11-21,it,Tecnologia ed equipaggiamento militare,2,14374794,0.1391
2024-11-22,it,Tecnologia ed equipaggiamento militare,2,13575132,0.1473
2024-11-23,it,Tecnologia ed equipaggiamento militare,0,14195931,0
2024-11-24,it,Tecnologia ed equipaggiamento militare,0,16771960,0
2024-11-25,it,Tecnologia ed equipaggiamento militare,0,14453676,0
2024-11-26,it,Tecnologia ed equipaggiamento militare,0,14039368,0
2024-11-27,it,Tecnologia ed equipaggiamento militare,0,13999726,0
2024-11-28,it,Tecnologia ed equipaggiamento militare,1,13176423,0.0759
2024-11-29,it,Tecnologia ed equipaggiamento militare,1,12947299,0.0772
2024-11-30,it,Tecnologia ed equipaggiamento militare,0,14136500,0
2024-12-01,it,Tecnologia ed equipaggiamento militare,2,15491492,0.1291
2024-12-02,it,Tecnologia ed equipaggiamento militare,1,13649470,0.0733
2024-12-03,it,Tecnologia ed equipaggiamento militare,1,13742783,0.0728
2024-12-04,it,Tecnologia ed equipaggiamento militare,0,13858516,0
2024-12-05,it,Tecnologia ed equipaggiamento militare,2,13639977,0.1466
2024-12-06,it,Tecnologia ed equipaggiamento militare,0,12743550,0
2024-12-07,it,Tecnologia ed equipaggiamento militare,0,13843510,0
2024-12-08,it,Tecnologia ed equipaggiamento militare,2,16135544,0.1239
2024-12-09,it,Tecnologia ed equipaggiamento militare,0,14153352,0
2024-12-10,it,Tecnologia ed equipaggiamento militare,0,13762586,0
2024-12-11,it,Tecnologia ed equipaggiamento militare,1,13365256,0.0748
2024-12-12,it,Tecnologia ed equipaggiamento militare,1,12838794,0.0779
2024-12-13,it,Tecnologia ed equipaggiamento militare,0,12692218,0
2024-12-14,it,Tecnologia ed equipaggiamento militare,0,13469508,0
2024-12-15,it,Tecnologia ed equipaggiamento militare,0,14969433,0
2024-12-16,it,Tecnologia ed equipaggiamento militare,0,13170903,0
2024-12-17,it,Tecnologia ed equipaggiamento militare,0,12807606,0
2024-12-18,it,Tecnologia ed equipaggiamento militare,1,12870489,0.0777
2024-12-19,it,Tecnologia ed equipaggiamento militare,3,12575392,0.2386
2024-12-20,it,Tecnologia ed equipaggiamento militare,0,11979707,0
2024-12-21,it,Tecnologia ed equipaggiamento militare,0,12797061,0
2024-12-22,it,Tecnologia ed equipaggiamento militare,0,15010840,0
2024-12-23,it,Tecnologia ed equipaggiamento militare,2,13241530,0.1510
2024-12-24,it,Tecnologia ed equipaggiamento militare,0,12886968,0
2024-12-25,it,Tecnologia ed equipaggiamento militare,0,14382686,0
2024-12-26,it,Tecnologia ed equipaggiamento militare,0,16740647,0
2024-12-27,it,Tecnologia ed equipaggiamento militare,0,15785890,0
2024-12-28,it,Tecnologia ed equipaggiamento militare,3,16165927,0.1856
2024-12-29,it,Tecnologia ed equipaggiamento militare,1,17221646,0.0581
2024-12-30,it,Tecnologia ed equipaggiamento militare,1,16135833,0.0620
2024-12-31,it,Tecnologia ed equipaggiamento militare,3,14567234,0.2059
2025-01-01,it,Tecnologia ed equipaggiamento militare,0,17283183,0
2025-01-02,it,Tecnologia ed equipaggiamento militare,0,17294780,0
2025-01-03,it,Tecnologia ed equipaggiamento militare,0,17103793,0
2025-01-04,it,Tecnologia ed equipaggiamento militare,0,17580798,0
2025-01-05,it,Tecnologia ed equipaggiamento militare,4,19510169,0.2050
2025-01-06,it,Tecnologia ed equipaggiamento militare,1,20080506,0.0498
2025-01-07,it,Tecnologia ed equipaggiamento militare,2,17034798,0.1174
2025-01-08,it,Tecnologia ed equipaggiamento militare,3,17236375,0.1741
2025-01-09,it,Tecnologia ed equipaggiamento militare,0,16522452,0
2025-01-10,it,Tecnologia ed equipaggiamento militare,0,15643444,0
2025-01-11,it,Tecnologia ed equipaggiamento militare,1,17241680,0.0580
2025-01-12,it,Tecnologia ed equipaggiamento militare,1,19462138,0.0514
2025-01-13,it,Tecnologia ed equipaggiamento militare,1,16922757,0.0591
2025-01-14,it,Tecnologia ed equipaggiamento militare,2,16418946,0.1218
2025-01-15,it,Tecnologia ed equipaggiamento militare,3,16145510,0.1858
2025-01-16,it,Tecnologia ed equipaggiamento militare,1,16010957,0.0625
2025-01-17,it,Tecnologia ed equipaggiamento militare,3,15609916,0.1922
2025-01-18,it,Tecnologia ed equipaggiamento militare,3,16560207,0.1812
2025-01-19,it,Tecnologia ed equipaggiamento militare,1,18780929,0.0532
2025-01-20,it,Tecnologia ed equipaggiamento militare,1,17003940,0.0588
2025-01-21,it,Tecnologia ed equipaggiamento militare,0,16741200,0
2025-01-22,it,Tecnologia ed equipaggiamento militare,1,16913079,0.0591
2025-01-23,it,Tecnologia ed equipaggiamento militare,0,17516495,0
2025-01-24,it,Tecnologia ed equipaggiamento militare,0,15928576,0
2025-01-25,it,Tecnologia ed equipaggiamento militare,1,17291357,0.0578
2025-01-26,it,Tecnologia ed equipaggiamento militare,2,19929655,0.1004
2025-01-27,it,Tecnologia ed equipaggiamento militare,3,17973057,0.1669
2025-01-28,it,Tecnologia ed equipaggiamento militare,1,17051100,0.0586
2025-01-29,it,Tecnologia ed equipaggiamento militare,1,16246607,0.0616
2025-01-30,it,Tecnologia ed equipaggiamento militare,1,15575704,0.0642
2025-01-31,it,Tecnologia ed equipaggiamento militare,0,15668708,0
2025-02-01,it,Tecnologia ed equipaggiamento militare,1,17304315,0.0578
2025-02-02,it,Tecnologia ed equipaggiamento militare,2,18392369,0.1087
2025-02-03,it,Tecnologia ed equipaggiamento militare,2,16263180,0.1230
2025-02-04,it,Tecnologia ed equipaggiamento militare,0,15795384,0
2025-02-05,it,Tecnologia ed equipaggiamento militare,1,15398370,0.0649
2025-02-06,it,Tecnologia ed equipaggiamento militare,1,14951792,0.0669
2025-02-07,it,Tecnologia ed equipaggiamento militare,2,14512903,0.1378
2025-02-08,it,Tecnologia ed equipaggiamento militare,0,16607275,0
2025-02-09,it,Tecnologia ed equipaggiamento militare,1,18528179,0.0540
2025-02-10,it,Tecnologia ed equipaggiamento militare,2,15756837,0.1269
2025-02-11,it,Tecnologia ed equipaggiamento militare,7,16673077,0.4198
2025-02-12,it,Tecnologia ed equipaggiamento militare,1,17024063,0.0587
2025-02-13,it,Tecnologia ed equipaggiamento militare,5,18128891,0.2758
2025-02-14,it,Tecnologia ed equipaggiamento militare,3,17641719,0.1701
2025-02-15,it,Tecnologia ed equipaggiamento militare,2,18842040,0.1061
2025-02-16,it,Tecnologia ed equipaggiamento militare,4,19967379,0.2003
2025-02-17,it,Tecnologia ed equipaggiamento militare,7,15671040,0.4467
2025-02-18,it,Tecnologia ed equipaggiamento militare,3,15146413,0.1981
2025-02-19,it,Tecnologia ed equipaggiamento militare,2,15085819,0.1326
2025-02-20,it,Tecnologia ed equipaggiamento militare,1,14586714,0.0686
2025-02-21,it,Tecnologia ed equipaggiamento militare,4,14133987,0.2830
2025-02-22,it,Tecnologia ed equipaggiamento militare,0,15608507,0
2025-02-23,it,Tecnologia ed equipaggiamento militare,1,17862235,0.0560
2025-02-24,it,Tecnologia ed equipaggiamento militare,0,15791139,0
2025-02-25,it,Tecnologia ed equipaggiamento militare,0,15256138,0
2025-02-26,it,Tecnologia ed equipaggiamento militare,0,14976344,0
2025-02-27,it,Tecnologia ed equipaggiamento militare,0,14539726,0
2025-02-28,it,Tecnologia ed equipaggiamento militare,5,13379330,0.3737
2025-03-01,it,Tecnologia ed equipaggiamento militare,0,14661375,0
2025-03-02,it,Tecnologia ed equipaggiamento militare,4,16176537,0.2473
2025-03-03,it,Tecnologia ed equipaggiamento militare,0,16481407,0
2025-03-04,it,Tecnologia ed equipaggiamento militare,0,14881802,0
2025-03-05,it,Tecnologia ed equipaggiamento militare,0,14971028,0
2025-03-06,it,Tecnologia ed equipaggiamento militare,1,14278940,0.0700
2025-03-07,it,Tecnologia ed equipaggiamento militare,3,13890318,0.2160
2025-03-08,it,Tecnologia ed equipaggiamento militare,0,14822368,0
2025-03-09,it,Tecnologia ed equipaggiamento militare,2,17232323,0.1161
2025-03-10,it,Tecnologia ed equipaggiamento militare,7,15200919,0.4605
2025-03-11,it,Tecnologia ed equipaggiamento militare,0,15072821,0
2025-03-12,it,Tecnologia ed equipaggiamento militare,2,15128351,0.1322
2025-03-13,it,Tecnologia ed equipaggiamento militare,2,14330173,0.1396
2025-03-14,it,Tecnologia ed equipaggiamento militare,0,14358228,0
2025-03-15,it,Tecnologia ed equipaggiamento militare,0,15525025,0
2025-03-16,it,Tecnologia ed equipaggiamento militare,1,16724430,0.0598
2025-03-17,it,Tecnologia ed equipaggiamento militare,1,14568357,0.0686
2025-03-18,it,Tecnologia ed equipaggiamento militare,1,14313800,0.0699
2025-03-19,it,Tecnologia ed equipaggiamento militare,1,13733496,0.0728
2025-03-20,it,Tecnologia ed equipaggiamento militare,1,14317507,0.0698
2025-03-21,it,Tecnologia ed equipaggiamento militare,0,13697742,0
2025-03-22,it,Tecnologia ed equipaggiamento militare,1,16017324,0.0624
2025-03-23,it,Tecnologia ed equipaggiamento militare,0,17444446,0
2025-03-24,it,Tecnologia ed equipaggiamento militare,1,15051806,0.0664
2025-03-25,it,Tecnologia ed equipaggiamento militare,0,14250131,0
2025-03-26,it,Tecnologia ed equipaggiamento militare,2,13859872,0.1443
2025-03-27,it,Tecnologia ed equipaggiamento militare,2,13637859,0.1467
2025-03-28,it,Tecnologia ed equipaggiamento militare,0,13308026,0
2025-03-29,it,Tecnologia ed equipaggiamento militare,3,14361504,0.2089
2025-03-30,it,Tecnologia ed equipaggiamento militare,1,14712080,0.0680
2025-03-31,it,Tecnologia ed equipaggiamento militare,0,13509283,0
2025-04-01,it,Tecnologia ed equipaggiamento militare,1,13245677,0.0755
2025-04-02,it,Tecnologia ed equipaggiamento militare,2,13465892,0.1485
2025-04-03,it,Tecnologia ed equipaggiamento militare,0,12401087,0
2025-04-04,it,Tecnologia ed equipaggiamento militare,0,11869762,0
2025-04-05,it,Tecnologia ed equipaggiamento militare,2,12732567,0.1571
2025-04-06,it,Tecnologia ed equipaggiamento militare,0,14604676,0
2025-04-07,it,Tecnologia ed equipaggiamento militare,0,13337304,0
2025-04-08,it,Tecnologia ed equipaggiamento militare,1,13071745,0.0765
2025-04-09,it,Tecnologia ed equipaggiamento militare,0,12763466,0
2025-04-10,it,Tecnologia ed equipaggiamento militare,0,12357018,0
2025-04-11,it,Tecnologia ed equipaggiamento militare,0,11760884,0
2025-04-12,it,Tecnologia ed equipaggiamento militare,3,12719048,0.2359
2025-04-13,it,Tecnologia ed equipaggiamento militare,0,15413211,0
2025-04-14,it,Tecnologia ed equipaggiamento militare,3,13926146,0.2154
2025-04-15,it,Tecnologia ed equipaggiamento militare,0,12930511,0
2025-04-16,it,Tecnologia ed equipaggiamento militare,2,12982954,0.1540
2025-04-17,it,Tecnologia ed equipaggiamento militare,0,13066533,0
2025-04-18,it,Tecnologia ed equipaggiamento militare,0,12562154,0
2025-04-19,it,Tecnologia ed equipaggiamento militare,1,13127723,0.0762
2025-04-20,it,Tecnologia ed equipaggiamento militare,0,14558924,0
2025-04-21,it,Tecnologia ed equipaggiamento militare,1,17839823,0.0561
2025-04-22,it,Tecnologia ed equipaggiamento militare,1,16297822,0.0614
2025-04-23,it,Tecnologia ed equipaggiamento militare,1,15446997,0.0647
2025-04-24,it,Tecnologia ed equipaggiamento militare,1,14618225,0.0684
2025-04-25,it,Tecnologia ed equipaggiamento militare,2,16274360,0.1229
2025-04-26,it,Tecnologia ed equipaggiamento militare,0,17325219,0
2025-04-27,it,Tecnologia ed equipaggiamento militare,1,17119304,0.0584
2025-04-28,it,Tecnologia ed equipaggiamento militare,1,14970982,0.0668
2025-04-29,it,Tecnologia ed equipaggiamento militare,0,14380477,0
2025-04-30,it,Tecnologia ed equipaggiamento militare,1,15225693,0.0657
2025-05-01,it,Tecnologia ed equipaggiamento militare,1,15327612,0.0652
2025-05-02,it,Tecnologia ed equipaggiamento militare,0,14148132,0
2025-05-03,it,Tecnologia ed equipaggiamento militare,1,14742643,0.0678
2025-05-04,it,Tecnologia ed equipaggiamento militare,0,16514455,0
2025-05-05,it,Tecnologia ed equipaggiamento militare,1,14961315,0.0668
2025-05-06,it,Tecnologia ed equipaggiamento militare,0,14782020,0
2025-05-07,it,Tecnologia ed equipaggiamento militare,2,15810503,0.1265
2025-05-08,it,Tecnologia ed equipaggiamento militare,5,21671789,0.2307
2025-05-09,it,Tecnologia ed equipaggiamento militare,1,15676016,0.0638
2025-05-10,it,Tecnologia ed equipaggiamento militare,2,14563106,0.1373
2025-05-11,it,Tecnologia ed equipaggiamento militare,1,15416251,0.0649
2025-05-12,it,Tecnologia ed equipaggiamento militare,1,13760872,0.0727
2025-05-13,it,Tecnologia ed equipaggiamento militare,0,13598542,0
2025-05-14,it,Tecnologia ed equipaggiamento militare,3,14269388,0.2102
2025-05-15,it,Tecnologia ed equipaggiamento militare,1,13343097,0.0749
2025-05-16,it,Tecnologia ed equipaggiamento militare,1,12667640,0.0789
2025-05-17,it,Tecnologia ed equipaggiamento militare,0,14154955,0
2025-05-18,it,Tecnologia ed equipaggiamento militare,1,14775658,0.0677
2025-05-19,it,Tecnologia ed equipaggiamento militare,1,13324655,0.0750
2025-05-20,it,Tecnologia ed equipaggiamento militare,0,14084743,0
2025-05-21,it,Tecnologia ed equipaggiamento militare,0,13806275,0
2025-05-22,it,Tecnologia ed equipaggiamento militare,1,13730496,0.0728
2025-05-23,it,Tecnologia ed equipaggiamento militare,1,13007224,0.0769
2025-05-24,it,Tecnologia ed equipaggiamento militare,5,13707781,0.3648
2025-05-25,it,Tecnologia ed equipaggiamento militare,2,14576225,0.1372
2025-05-26,it,Tecnologia ed equipaggiamento militare,1,13575374,0.0737
2025-05-27,it,Tecnologia ed equipaggiamento militare,1,13742054,0.0728
2025-05-28,it,Tecnologia ed equipaggiamento militare,3,13587663,0.2208
2025-05-29,it,Tecnologia ed equipaggiamento militare,4,13142924,0.3043
2025-05-30,it,Tecnologia ed equipaggiamento militare,2,12282260,0.1628
2025-05-31,it,Tecnologia ed equipaggiamento militare,4,13343217,0.2998
2025-06-01,it,Tecnologia ed equipaggiamento militare,0,13700223,0
2025-06-02,it,Tecnologia ed equipaggiamento militare,0,14838584,0
2025-06-03,it,Tecnologia ed equipaggiamento militare,0,13373296,0
2025-06-04,it,Tecnologia ed equipaggiamento militare,3,13182693,0.2276
2025-06-05,it,Tecnologia ed equipaggiamento militare,3,12868705,0.2331
2025-06-06,it,Tecnologia ed equipaggiamento militare,0,12120145,0
2025-06-07,it,Tecnologia ed equipaggiamento militare,1,12929357,0.0773
2025-06-08,it,Tecnologia ed equipaggiamento militare,4,14300350,0.2797
2025-06-09,it,Tecnologia ed equipaggiamento militare,1,12874708,0.0777
2025-06-10,it,Tecnologia ed equipaggiamento militare,2,12491791,0.1601
2025-06-11,it,Tecnologia ed equipaggiamento militare,1,12394515,0.0807
2025-06-12,it,Tecnologia ed equipaggiamento militare,3,12115170,0.2476
2025-06-13,it,Tecnologia ed equipaggiamento militare,1,12036662,0.0831
2025-06-14,it,Tecnologia ed equipaggiamento militare,1,12649725,0.0791
2025-06-15,it,Tecnologia ed equipaggiamento militare,0,14142862,0
2025-06-16,it,Tecnologia ed equipaggiamento militare,4,13125500,0.3048
2025-06-17,it,Tecnologia ed equipaggiamento militare,1,13010089,0.0769
2025-06-18,it,Tecnologia ed equipaggiamento militare,1,12634273,0.0791
2025-06-19,it,Tecnologia ed equipaggiamento militare,1,12117771,0.0825
2025-06-20,it,Tecnologia ed equipaggiamento militare,1,11824821,0.0846
2025-06-21,it,Tecnologia ed equipaggiamento militare,0,12596974,0
2025-06-22,it,Tecnologia ed equipaggiamento militare,4,14121395,0.2833
2025-06-23,it,Tecnologia ed equipaggiamento militare,2,12890118,0.1552
2025-06-24,it,Tecnologia ed equipaggiamento militare,1,12765197,0.0783
2025-06-25,it,Tecnologia ed equipaggiamento militare,0,12451265,0
2025-06-26,it,Tecnologia ed equipaggiamento militare,1,12192970,0.0820
2025-06-27,it,Tecnologia ed equipaggiamento militare,0,11808168,0
2025-06-28,it,Tecnologia ed equipaggiamento militare,0,12657525,0
2025-06-29,it,Tecnologia ed equipaggiamento militare,1,13940972,0.0717
2025-06-30,it,Tecnologia ed equipaggiamento militare,1,12341766,0.0810
2025-07-01,it,Tecnologia ed equipaggiamento militare,1,11738153,0.0852
2025-07-02,it,Tecnologia ed equipaggiamento militare,0,11943924,0
2025-07-03,it,Tecnologia ed equipaggiamento militare,0,12356317,0
2025-07-04,it,Tecnologia ed equipaggiamento militare,0,11857495,0
2025-07-05,it,Tecnologia ed equipaggiamento militare,2,12557903,0.1593
2025-07-06,it,Tecnologia ed equipaggiamento militare,0,13825291,0
2025-07-07,it,Tecnologia ed equipaggiamento militare,0,12554593,0
2025-07-08,it,Tecnologia ed equipaggiamento militare,0,12399916,0
2025-07-09,it,Tecnologia ed equipaggiamento militare,2,12046797,0.1660
2025-07-10,it,Tecnologia ed equipaggiamento militare,0,11873180,0
2025-07-11,it,Tecnologia ed equipaggiamento militare,0,12442387,0
2025-07-12,it,Tecnologia ed equipaggiamento militare,3,12595561,0.2382
2025-07-13,it,Tecnologia ed equipaggiamento militare,1,15402286,0.0649
2025-07-14,it,Tecnologia ed equipaggiamento militare,0,13792069,0
2025-07-15,it,Tecnologia ed equipaggiamento militare,3,13261313,0.2262
2025-07-16,it,Tecnologia ed equipaggiamento militare,0,13091325,0
2025-07-17,it,Tecnologia ed equipaggiamento militare,5,12386376,0.4037
2025-07-18,it,Tecnologia ed equipaggiamento militare,2,12225668,0.1636
2025-07-19,it,Tecnologia ed equipaggiamento militare,2,13242266,0.1510
2025-07-20,it,Tecnologia ed equipaggiamento militare,0,14805658,0
2025-07-21,it,Tecnologia ed equipaggiamento militare,2,14212189,0.1407
2025-07-22,it,Tecnologia ed equipaggiamento militare,0,14056856,0
2025-07-23,it,Tecnologia ed equipaggiamento militare,1,13203624,0.0757
2025-07-24,it,Tecnologia ed equipaggiamento militare,2,13451009,0.1487
2025-07-25,it,Tecnologia ed equipaggiamento militare,1,13512786,0.0740
2025-07-26,it,Tecnologia ed equipaggiamento militare,2,13797194,0.1450
2025-07-27,it,Tecnologia ed equipaggiamento militare,1,14530580,0.0688
2025-07-28,it,Tecnologia ed equipaggiamento militare,2,14469495,0.1382
2025-07-29,it,Tecnologia ed equipaggiamento militare,1,13427448,0.0745
2025-07-30,it,Tecnologia ed equipaggiamento militare,1,13045938,0.0767
2025-07-31,it,Tecnologia ed equipaggiamento militare,1,12803840,0.0781
2025-08-01,it,Tecnologia ed equipaggiamento militare,0,12401325,0
2025-08-02,it,Tecnologia ed equipaggiamento militare,1,13194620,0.0758
2025-08-03,it,Tecnologia ed equipaggiamento militare,0,14125034,0
2025-08-04,it,Tecnologia ed equipaggiamento militare,0,13317139,0
2025-08-05,it,Tecnologia ed equipaggiamento militare,1,12995062,0.0770
2025-08-06,it,Tecnologia ed equipaggiamento militare,0,13043264,0
2025-08-07,it,Tecnologia ed equipaggiamento militare,1,12838498,0.0779
2025-08-08,it,Tecnologia ed equipaggiamento militare,1,14251203,0.0702
2025-08-09,it,Tecnologia ed equipaggiamento militare,0,12990567,0
2025-08-10,it,Tecnologia ed equipaggiamento militare,1,13845835,0.0722
2025-08-11,it,Tecnologia ed equipaggiamento militare,0,13415952,0
2025-08-12,it,Tecnologia ed equipaggiamento militare,0,13307931,0
2025-08-13,it,Tecnologia ed equipaggiamento militare,0,13179920,0
2025-08-14,it,Tecnologia ed equipaggiamento militare,4,13321035,0.3003
2025-08-15,it,Tecnologia ed equipaggiamento militare,0,13737968,0
2025-08-16,it,Tecnologia ed equipaggiamento militare,0,14577300,0
2025-08-17,it,Tecnologia ed equipaggiamento militare,0,15515481,0
2025-08-18,it,Tecnologia ed equipaggiamento militare,2,14468567,0.1382
2025-08-19,it,Tecnologia ed equipaggiamento militare,2,14159412,0.1412
2025-08-20,it,Tecnologia ed equipaggiamento militare,2,14782466,0.1353
2025-08-21,it,Tecnologia ed equipaggiamento militare,4,14774157,0.2707
2025-08-22,it,Tecnologia ed equipaggiamento militare,1,13973936,0.0716
2025-08-23,it,Tecnologia ed equipaggiamento militare,0,13969756,0
2025-08-24,it,Tecnologia ed equipaggiamento militare,1,15243554,0.0656
2025-08-25,it,Tecnologia ed equipaggiamento militare,1,14316225,0.0699
2025-08-26,it,Tecnologia ed equipaggiamento militare,1,14551703,0.0687
2025-08-27,it,Tecnologia ed equipaggiamento militare,1,14951122,0.0669
2025-08-28,it,Tecnologia ed equipaggiamento militare,1,15550535,0.0643
2025-08-29,it,Tecnologia ed equipaggiamento militare,1,15815556,0.0632
2025-08-30,it,Tecnologia ed equipaggiamento militare,3,14592234,0.2056
2025-08-31,it,Tecnologia ed equipaggiamento militare,1,14670830,0.0682
2025-09-01,it,Tecnologia ed equipaggiamento militare,0,13938317,0
2025-09-02,it,Tecnologia ed equipaggiamento militare,2,14287175,0.1400
2025-09-03,it,Tecnologia ed equipaggiamento militare,4,13417446,0.2981
2025-09-04,it,Tecnologia ed equipaggiamento militare,0,14052801,0
2025-09-05,it,Tecnologia ed equipaggiamento militare,1,13715937,0.0729
2025-09-06,it,Tecnologia ed equipaggiamento militare,0,14176779,0
2025-09-07,it,Tecnologia ed equipaggiamento militare,2,16746105,0.1194
2025-09-08,it,Tecnologia ed equipaggiamento militare,1,14312770,0.0699
2025-09-09,it,Tecnologia ed equipaggiamento militare,2,13900017,0.1439
2025-09-10,it,Tecnologia ed equipaggiamento militare,1,13695842,0.0730
2025-09-11,it,Tecnologia ed equipaggiamento militare,3,12763939,0.2350
2025-09-12,it,Tecnologia ed equipaggiamento militare,0,12193339,0
2025-09-13,it,Tecnologia ed equipaggiamento militare,0,12765015,0
2025-09-14,it,Tecnologia ed equipaggiamento militare,1,13676320,0.0731
2025-09-15,it,Tecnologia ed equipaggiamento militare,0,12100192,0
2025-09-16,it,Tecnologia ed equipaggiamento militare,1,12757151,0.0784
2025-09-17,it,Tecnologia ed equipaggiamento militare,1,12438594,0.0804
2025-09-18,it,Tecnologia ed equipaggiamento militare,1,12498326,0.0800
2025-09-19,it,Tecnologia ed equipaggiamento militare,0,12195703,0
2025-09-20,it,Tecnologia ed equipaggiamento militare,0,12500388,0
2025-09-21,it,Tecnologia ed equipaggiamento militare,8,13787030,0.5803
2025-09-22,it,Tecnologia ed equipaggiamento militare,1,12770159,0.0783
2025-09-23,it,Tecnologia ed equipaggiamento militare,2,12881294,0.1553
2025-09-24,it,Tecnologia ed equipaggiamento militare,1,13239915,0.0755
2025-09-25,it,Tecnologia ed equipaggiamento militare,0,12232614,0
2025-09-26,it,Tecnologia ed equipaggiamento militare,1,11901967,0.0840
2025-09-27,it,Tecnologia ed equipaggiamento militare,0,13143040,0
2025-09-28,it,Tecnologia ed equipaggiamento militare,0,14409240,0
2025-09-29,it,Tecnologia ed equipaggiamento militare,0,12310043,0
2025-09-30,it,Tecnologia ed equipaggiamento militare,0,12048472,0
2025-10-01,it,Tecnologia ed equipaggiamento militare,0,11739282,0
2025-10-02,it,Tecnologia ed equipaggiamento militare,1,13271099,0.0754
2025-10-03,it,Tecnologia ed equipaggiamento militare,0,11605069,0
2025-10-04,it,Tecnologia ed equipaggiamento militare,0,12601338,0
2025-10-05,it,Tecnologia ed equipaggiamento militare,1,14058307,0.0711
2025-10-06,it,Tecnologia ed equipaggiamento militare,2,12309508,0.1625
2025-10-07,it,Tecnologia ed equipaggiamento militare,0,12271561,0
2025-10-08,it,Tecnologia ed equipaggiamento militare,0,12010583,0
2025-10-09,it,Tecnologia ed equipaggiamento militare,0,12233022,0
2025-10-10,it,Tecnologia ed equipaggiamento militare,0,12101846,0
2025-10-11,it,Tecnologia ed equipaggiamento militare,3,13373301,0.2243
2025-10-12,it,Tecnologia ed equipaggiamento militare,0,14937407,0
2025-10-13,it,Tecnologia ed equipaggiamento militare,0,12832043,0
2025-10-14,it,Tecnologia ed equipaggiamento militare,0,12630313,0
2025-10-15,it,Tecnologia ed equipaggiamento militare,1,12284393,0.0814
2025-10-16,it,Tecnologia ed equipaggiamento militare,0,11923424,0
2025-10-17,it,Tecnologia ed equipaggiamento militare,1,11728115,0.0853
2025-10-18,it,Tecnologia ed equipaggiamento militare,0,12366302,0
2025-10-19,it,Tecnologia ed equipaggiamento militare,0,13386417,0
2025-10-20,it,Tecnologia ed equipaggiamento militare,1,12294893,0.0813
2025-10-21,it,Tecnologia ed equipaggiamento militare,1,12301795,0.0813
2025-10-22,it,Tecnologia ed equipaggiamento militare,1,11888418,0.0841
2025-10-23,it,Tecnologia ed equipaggiamento militare,2,12427951,0.1609
2025-10-24,it,Tecnologia ed equipaggiamento militare,1,12022669,0.0832
2025-10-25,it,Tecnologia ed equipaggiamento militare,0,13847556,0
2025-10-26,it,Tecnologia ed equipaggiamento militare,1,14985034,0.0667
2025-10-27,it,Tecnologia ed equipaggiamento militare,2,12387065,0.1615
2025-10-28,it,Tecnologia ed equipaggiamento militare,2,11920992,0.1678
2025-10-29,it,Tecnologia ed equipaggiamento militare,2,12268884,0.1630
2025-10-30,it,Tecnologia ed equipaggiamento militare,0,12284424,0
2025-10-31,it,Tecnologia ed equipaggiamento militare,0,11824686,0
2025-11-01,it,Tecnologia ed equipaggiamento militare,1,15407994,0.0649
2025-11-02,it,Tecnologia ed equipaggiamento militare,0,16192051,0
2025-11-03,it,Tecnologia ed equipaggiamento militare,0,13566223,0
2025-11-04,it,Tecnologia ed equipaggiamento militare,0,12920530,0
2025-11-05,it,Tecnologia ed equipaggiamento militare,0,12545441,0
2025-11-06,it,Tecnologia ed equipaggiamento militare,1,12421564,0.0805
2025-11-07,it,Tecnologia ed equipaggiamento militare,0,12666176,0
2025-11-08,it,Tecnologia ed equipaggiamento militare,0,13931487,0
2025-11-09,it,Tecnologia ed equipaggiamento militare,0,15648661,0
2025-11-10,it,Tecnologia ed equipaggiamento militare,3,13364360,0.2245
2025-11-11,it,Tecnologia ed equipaggiamento militare,1,13651705,0.0733
2025-11-12,it,Tecnologia ed equipaggiamento militare,0,13604040,0
2025-11-13,it,Tecnologia ed equipaggiamento militare,1,13490049,0.0741
2025-11-14,it,Tecnologia ed equipaggiamento militare,2,13524292,0.1479
2025-11-15,it,Tecnologia ed equipaggiamento militare,0,14290290,0
2025-11-16,it,Tecnologia ed equipaggiamento militare,1,16865274,0.0593
2025-11-17,it,Tecnologia ed equipaggiamento militare,2,14539496,0.1376
2025-11-18,it,Tecnologia ed equipaggiamento militare,0,13580468,0
2025-11-19,it,Tecnologia ed equipaggiamento militare,0,15043385,0
2025-11-20,it,Tecnologia ed equipaggiamento militare,1,13488273,0.0741
2025-11-21,it,Tecnologia ed equipaggiamento militare,0,13306582,0
2025-11-22,it,Tecnologia ed equipaggiamento militare,2,14648443,0.1365
2025-11-23,it,Tecnologia ed equipaggiamento militare,2,15467717,0.1293
2025-11-24,it,Tecnologia ed equipaggiamento militare,0,13737055,0
2025-11-25,it,Tecnologia ed equipaggiamento militare,2,13175615,0.1518
2025-11-26,it,Tecnologia ed equipaggiamento militare,3,12979170,0.2311
2025-11-27,it,Tecnologia ed equipaggiamento militare,4,12112644,0.3302
2025-11-28,it,Tecnologia ed equipaggiamento militare,5,12262350,0.4078
2025-11-29,it,Tecnologia ed equipaggiamento militare,2,13248977,0.1510
2025-11-30,it,Tecnologia ed equipaggiamento militare,5,15099781,0.3311
2025-12-01,it,Tecnologia ed equipaggiamento militare,0,12449637,0
2025-12-02,it,Tecnologia ed equipaggiamento militare,0,12244345,0
2025-12-03,it,Tecnologia ed equipaggiamento militare,0,11636922,0
2025-12-04,it,Tecnologia ed equipaggiamento militare,2,11643276,0.1718
2025-12-05,it,Tecnologia ed equipaggiamento militare,0,11242342,0
2025-12-06,it,Tecnologia ed equipaggiamento militare,1,11960695,0.0836
2025-12-07,it,Tecnologia ed equipaggiamento militare,1,13979686,0.0715
2025-12-08,it,Tecnologia ed equipaggiamento militare,2,13736620,0.1456
2025-12-09,it,Tecnologia ed equipaggiamento militare,1,11521028,0.0868
2025-12-10,it,Tecnologia ed equipaggiamento militare,1,11582588,0.0863
2025-12-11,it,Tecnologia ed equipaggiamento militare,6,11343108,0.5290
2025-12-12,it,Tecnologia ed equipaggiamento militare,1,11057476,0.0904
2025-12-13,it,Tecnologia ed equipaggiamento militare,0,12058702,0
2025-12-14,it,Tecnologia ed equipaggiamento militare,0,13238823,0
2025-12-15,it,Tecnologia ed equipaggiamento militare,1,12014474,0.0832
2025-12-16,it,Tecnologia ed equipaggiamento militare,0,11686612,0
2025-12-17,it,Tecnologia ed equipaggiamento militare,1,11485444,0.0871
2025-12-18,it,Tecnologia ed equipaggiamento militare,0,10941509,0
2025-12-19,it,Tecnologia ed equipaggiamento militare,4,10509454,0.3806
2025-12-20,it,Tecnologia ed equipaggiamento militare,2,11593319,0.1725
2025-12-21,it,Tecnologia ed equipaggiamento militare,0,13064702,0
2025-12-22,it,Tecnologia ed equipaggiamento militare,1,11854105,0.0844
2025-12-23,it,Tecnologia ed equipaggiamento militare,1,11520524,0.0868
2025-12-24,it,Tecnologia ed equipaggiamento militare,2,11202414,0.1785
2025-12-25,it,Tecnologia ed equipaggiamento militare,0,12314935,0
2025-12-26,it,Tecnologia ed equipaggiamento militare,1,14474997,0.0691
2025-12-27,it,Tecnologia ed equipaggiamento militare,0,13638267,0
2025-12-28,it,Tecnologia ed equipaggiamento militare,1,14845677,0.0674
2025-12-29,it,Tecnologia ed equipaggiamento militare,2,13282050,0.1506
2025-12-30,it,Tecnologia ed equipaggiamento militare,0,12837714,0
2025-12-31,it,Tecnologia ed equipaggiamento militare,0,12196718,0
2026-01-01,it,Tecnologia ed equipaggiamento militare,0,14474628,0
2026-01-02,it,Tecnologia ed equipaggiamento militare,0,14454912,0
2026-01-03,it,Tecnologia ed equipaggiamento militare,1,14647624,0.0683
2026-01-04,it,Tecnologia ed equipaggiamento militare,0,16091347,0
2026-01-05,it,Tecnologia ed equipaggiamento militare,0,14542034,0
2026-01-06,it,Tecnologia ed equipaggiamento militare,3,16042950,0.1870
2026-01-07,it,Tecnologia ed equipaggiamento militare,0,12862550,0
2026-01-08,it,Tecnologia ed equipaggiamento militare,0,12579531,0
2026-01-09,it,Tecnologia ed equipaggiamento militare,0,13072496,0
2026-01-10,it,Tecnologia ed equipaggiamento militare,2,14077454,0.1421
2026-01-11,it,Tecnologia ed equipaggiamento militare,1,15432809,0.0648
2026-01-12,it,Tecnologia ed equipaggiamento militare,0,13219817,0
2026-01-13,it,Tecnologia ed equipaggiamento militare,0,13369790,0
2026-01-14,it,Tecnologia ed equipaggiamento militare,0,13010611,0
2026-01-15,it,Tecnologia ed equipaggiamento militare,3,15187599,0.1975
2026-01-16,it,Tecnologia ed equipaggiamento militare,2,13039316,0.1534
2026-01-17,it,Tecnologia ed equipaggiamento militare,0,14068255,0
2026-01-18,it,Tecnologia ed equipaggiamento militare,0,16132177,0
2026-01-19,it,Tecnologia ed equipaggiamento militare,0,14015751,0
2026-01-20,it,Tecnologia ed equipaggiamento militare,0,13545464,0
2026-01-21,it,Tecnologia ed equipaggiamento militare,0,12763621,0
2026-01-22,it,Tecnologia ed equipaggiamento militare,0,12727876,0
2026-01-23,it,Tecnologia ed equipaggiamento militare,0,12989712,0
2026-01-24,it,Tecnologia ed equipaggiamento militare,0,14322817,0
2026-01-25,it,Tecnologia ed equipaggiamento militare,1,15979796,0.0626
2026-01-26,it,Tecnologia ed equipaggiamento militare,0,13504884,0
2026-01-27,it,Tecnologia ed equipaggiamento militare,0,13397412,0
2026-01-28,it,Tecnologia ed equipaggiamento militare,1,13252281,0.0755
2026-01-29,it,Tecnologia ed equipaggiamento militare,0,12777789,0
2026-01-30,it,Tecnologia ed equipaggiamento militare,0,12539494,0
2026-01-31,it,Tecnologia ed equipaggiamento militare,0,13727887,0
2026-02-01,it,Tecnologia ed equipaggiamento militare,0,15033384,0
2026-02-02,it,Tecnologia ed equipaggiamento militare,0,13073198,0
2026-02-03,it,Tecnologia ed equipaggiamento militare,2,12909406,0.1549
2026-02-04,it,Tecnologia ed equipaggiamento militare,0,13148286,0
2026-02-05,it,Tecnologia ed equipaggiamento militare,0,12326464,0
2026-02-06,it,Tecnologia ed equipaggiamento militare,2,13101951,0.1526
2026-02-07,it,Tecnologia ed equipaggiamento militare,1,14080813,0.0710
2026-02-08,it,Tecnologia ed equipaggiamento militare,5,15780080,0.3169
2026-02-09,it,Tecnologia ed equipaggiamento militare,1,13667213,0.0732
2026-02-10,it,Tecnologia ed equipaggiamento militare,0,13362688,0
2026-02-11,it,Tecnologia ed equipaggiamento militare,0,13174209,0
2026-02-12,it,Tecnologia ed equipaggiamento militare,0,13510912,0
2026-02-13,it,Tecnologia ed equipaggiamento militare,1,12152043,0.0823
2026-02-14,it,Tecnologia ed equipaggiamento militare,1,12842020,0.0779
2026-02-15,it,Tecnologia ed equipaggiamento militare,0,14003162,0
2026-02-16,it,Tecnologia ed equipaggiamento militare,1,12896452,0.0775
2026-02-17,it,Tecnologia ed equipaggiamento militare,0,12298837,0
2026-02-18,it,Tecnologia ed equipaggiamento militare,2,12230285,0.1635
2026-02-19,it,Tecnologia ed equipaggiamento militare,0,12445487,0
2026-02-20,it,Tecnologia ed equipaggiamento militare,1,12012604,0.0832
2026-02-21,it,Tecnologia ed equipaggiamento militare,0,13066433,0
2026-02-22,it,Tecnologia ed equipaggiamento militare,1,14614984,0.0684
2026-02-23,it,Tecnologia ed equipaggiamento militare,0,12871585,0
2026-02-24,it,Tecnologia ed equipaggiamento militare,0,13040818,0
2026-02-25,it,Tecnologia ed equipaggiamento militare,0,12054945,0
2026-02-26,it,Tecnologia ed equipaggiamento militare,3,13283867,0.2258
2026-02-27,it,Tecnologia ed equipaggiamento militare,2,13369730,0.1496
2026-02-28,it,Tecnologia ed equipaggiamento militare,0,14663397,0
2026-03-01,it,Tecnologia ed equipaggiamento militare,2,17622486,0.1135
2026-03-02,it,Tecnologia ed equipaggiamento militare,1,12486194,0.0801
2026-03-03,it,Tecnologia ed equipaggiamento militare,0,11916715,0
2026-03-04,it,Tecnologia ed equipaggiamento militare,4,11633452,0.3438
2026-03-05,it,Tecnologia ed equipaggiamento militare,1,11285441,0.0886
2026-03-06,it,Tecnologia ed equipaggiamento militare,0,11161395,0
2026-03-07,it,Tecnologia ed equipaggiamento militare,0,11919081,0
2026-03-08,it,Tecnologia ed equipaggiamento militare,1,12904980,0.0775
2026-03-09,it,Tecnologia ed equipaggiamento militare,3,11667097,0.2571
2026-03-10,it,Tecnologia ed equipaggiamento militare,2,11555666,0.1731
2026-03-11,it,Tecnologia ed equipaggiamento militare,0,11553352,0
2026-03-12,it,Tecnologia ed equipaggiamento militare,1,11528107,0.0867
2026-03-13,it,Tecnologia ed equipaggiamento militare,0,10953542,0
2026-03-14,it,Tecnologia ed equipaggiamento militare,2,12513416,0.1598
2026-03-15,it,Tecnologia ed equipaggiamento militare,0,14143231,0
2026-03-16,it,Tecnologia ed equipaggiamento militare,3,12983903,0.2311
2026-03-17,it,Tecnologia ed equipaggiamento militare,0,11678998,0
2026-03-18,it,Tecnologia ed equipaggiamento militare,0,11635521,0
2026-03-19,it,Tecnologia ed equipaggiamento militare,1,11022488,0.0907
2026-03-20,it,Tecnologia ed equipaggiamento militare,1,11308464,0.0884
2026-03-21,it,Tecnologia ed equipaggiamento militare,0,12221307,0
2026-03-22,it,Tecnologia ed equipaggiamento militare,1,13449219,0.0744
2026-03-23,it,Tecnologia ed equipaggiamento militare,1,11362675,0.0880
2026-03-24,it,Tecnologia ed equipaggiamento militare,1,12146334,0.0823
2026-03-25,it,Tecnologia ed equipaggiamento militare,0,11443420,0
2026-03-26,it,Tecnologia ed equipaggiamento militare,0,12081609,0
2026-03-27,it,Tecnologia ed equipaggiamento militare,1,11352433,0.0881
2026-03-28,it,Tecnologia ed equipaggiamento militare,1,11880003,0.0842
2026-03-29,it,Tecnologia ed equipaggiamento militare,0,13140298,0
2026-03-30,it,Tecnologia ed equipaggiamento militare,1,11649082,0.0858
2026-03-31,it,Tecnologia ed equipaggiamento militare,3,11869937,0.2527
2026-04-01,it,Tecnologia ed equipaggiamento militare,0,11307385,0
2026-04-02,it,Tecnologia ed equipaggiamento militare,2,11323111,0.1766
2026-04-03,it,Tecnologia ed equipaggiamento militare,0,11032087,0
2026-04-04,it,Tecnologia ed equipaggiamento militare,1,11388824,0.0878
2026-04-05,it,Tecnologia ed equipaggiamento militare,1,12278009,0.0814
2026-04-06,it,Tecnologia ed equipaggiamento militare,0,11507463,0
2026-04-07,it,Tecnologia ed equipaggiamento militare,1,12278240,0.0814
2026-04-08,it,Tecnologia ed equipaggiamento militare,1,11503867,0.0869
2026-04-09,it,Tecnologia ed equipaggiamento militare,0,11378950,0
2026-04-10,it,Tecnologia ed equipaggiamento militare,0,11389823,0
2026-04-11,it,Tecnologia ed equipaggiamento militare,1,12010055,0.0833
2026-04-12,it,Tecnologia ed equipaggiamento militare,0,14540000,0
2026-04-13,it,Tecnologia ed equipaggiamento militare,0,12603977,0
2026-04-14,it,Tecnologia ed equipaggiamento militare,1,12090551,0.0827
2026-04-15,it,Tecnologia ed equipaggiamento militare,1,11788007,0.0848
2026-04-16,it,Tecnologia ed equipaggiamento militare,0,11512186,0
2026-04-17,it,Tecnologia ed equipaggiamento militare,1,10811874,0.0925
2026-04-18,it,Tecnologia ed equipaggiamento militare,1,11488084,0.0870
2026-04-19,it,Tecnologia ed equipaggiamento militare,1,13082703,0.0764
2026-04-20,it,Tecnologia ed equipaggiamento militare,0,11765217,0
2026-04-21,it,Tecnologia ed equipaggiamento militare,0,11589820,0
2026-04-22,it,Tecnologia ed equipaggiamento militare,1,11669549,0.0857
2026-04-23,it,Tecnologia ed equipaggiamento militare,0,10980516,0
2026-04-24,it,Tecnologia ed equipaggiamento militare,1,10559397,0.0947
2026-04-25,it,Tecnologia ed equipaggiamento militare,0,11798612,0
2026-04-26,it,Tecnologia ed equipaggiamento militare,1,12482379,0.0801
2026-04-27,it,Tecnologia ed equipaggiamento militare,0,11366738,0
2026-04-28,it,Tecnologia ed equipaggiamento militare,0,11462884,0
2026-04-29,it,Tecnologia ed equipaggiamento militare,1,11418679,0.0876
2026-04-30,it,Tecnologia ed equipaggiamento militare,1,11180211,0.0894
2026-05-01,it,Tecnologia ed equipaggiamento militare,1,12447511,0.0803
2026-05-02,it,Tecnologia ed equipaggiamento militare,1,12994768,0.0770
2026-05-03,it,Tecnologia ed equipaggiamento militare,1,13527084,0.0739
2026-05-04,it,Tecnologia ed equipaggiamento militare,1,12061503,0.0829
2026-05-05,it,Tecnologia ed equipaggiamento militare,2,12510813,0.1599
2026-05-06,it,Tecnologia ed equipaggiamento militare,0,12637603,0
2026-05-07,it,Tecnologia ed equipaggiamento militare,5,11742286,0.4258
2026-05-08,it,Tecnologia ed equipaggiamento militare,3,11307803,0.2653
2026-05-09,it,Tecnologia ed equipaggiamento militare,3,11471532,0.2615
2026-05-10,it,Tecnologia ed equipaggiamento militare,1,13470771,0.0742
2026-05-11,it,Tecnologia ed equipaggiamento militare,1,11786147,0.0848
2026-05-12,it,Tecnologia ed equipaggiamento militare,1,11667072,0.0857
2026-05-13,it,Tecnologia ed equipaggiamento militare,0,11714543,0
2026-05-14,it,Tecnologia ed equipaggiamento militare,2,11790604,0.1696
2026-05-15,it,Tecnologia ed equipaggiamento militare,2,11536232,0.1734
2026-05-16,it,Tecnologia ed equipaggiamento militare,0,12591039,0
2026-05-17,it,Tecnologia ed equipaggiamento militare,0,12380549,0
2026-05-18,it,Tecnologia ed equipaggiamento militare,1,11723951,0.0853
2026-05-19,it,Tecnologia ed equipaggiamento militare,0,11758873,0
2026-05-20,it,Tecnologia ed equipaggiamento militare,0,11834084,0
2026-05-21,it,Tecnologia ed equipaggiamento militare,0,12718332,0
2026-05-22,it,Tecnologia ed equipaggiamento militare,1,12432634,0.0804
2026-05-23,it,Tecnologia ed equipaggiamento militare,1,11888866,0.0841
2026-05-24,it,Tecnologia ed equipaggiamento militare,2,12401575,0.1613
2026-05-25,it,Tecnologia ed equipaggiamento militare,0,11670050,0
2026-05-26,it,Tecnologia ed equipaggiamento militare,0,11419823,0
2026-05-27,it,Tecnologia ed equipaggiamento militare,1,11146810,0.0897
2026-05-28,it,Tecnologia ed equipaggiamento militare,0,10919473,0
2026-05-29,it,Tecnologia ed equipaggiamento militare,0,10711755,0
2026-05-30,it,Tecnologia ed equipaggiamento militare,0,11406965,0
2026-05-31,it,Tecnologia ed equipaggiamento militare,1,12395353,0.0807
2026-06-01,it,Tecnologia ed equipaggiamento militare,1,12099037,0.0827
2026-06-02,it,Tecnologia ed equipaggiamento militare,0,14128292,0
2026-06-03,it,Tecnologia ed equipaggiamento militare,4,11537790,0.3467
2026-06-04,it,Tecnologia ed equipaggiamento militare,0,11210120,0
2026-06-05,it,Tecnologia ed equipaggiamento militare,0,10885036,0
2026-06-06,it,Tecnologia ed equipaggiamento militare,0,11464729,0
2026-06-07,it,Tecnologia ed equipaggiamento militare,2,14578933,0.1372
2026-06-08,it,Tecnologia ed equipaggiamento militare,0,12133096,0
2026-06-09,it,Tecnologia ed equipaggiamento militare,1,11864570,0.0843
2026-06-10,it,Tecnologia ed equipaggiamento militare,0,12663541,0
2026-06-11,it,Tecnologia ed equipaggiamento militare,0,11802695,0
2026-06-12,it,Tecnologia ed equipaggiamento militare,0,11476443,0
2026-06-13,it,Tecnologia ed equipaggiamento militare,0,11846527,0
2026-06-14,it,Tecnologia ed equipaggiamento militare,0,13172856,0
2026-06-15,it,Tecnologia ed equipaggiamento militare,0,11757191,0
2026-06-16,it,Tecnologia ed equipaggiamento militare,0,11752552,0
2026-06-17,it,Tecnologia ed equipaggiamento militare,0,11832553,0
2026-06-18,it,Tecnologia ed equipaggiamento militare,0,10947067,0
2026-06-19,it,Tecnologia ed equipaggiamento militare,0,10912878,0
2026-06-20,it,Tecnologia ed equipaggiamento militare,0,11269132,0
2026-06-21,it,Tecnologia ed equipaggiamento militare,2,12250283,0.1633
2026-06-22,it,Tecnologia ed equipaggiamento militare,1,11416939,0.0876
2026-06-23,it,Tecnologia ed equipaggiamento militare,0,10826149,0
2026-06-24,it,Tecnologia ed equipaggiamento militare,0,10661335,0
2026-06-25,it,Tecnologia ed equipaggiamento militare,0,10301491,0
2026-06-26,it,Tecnologia ed equipaggiamento militare,0,10475985,0
2026-06-27,it,Tecnologia ed equipaggiamento militare,1,10923206,0.0915
2026-06-28,it,Tecnologia ed equipaggiamento militare,0,12098598,0
2026-06-29,it,Tecnologia ed equipaggiamento militare,1,11243564,0.0889
2026-06-30,it,Tecnologia ed equipaggiamento militare,1,10941287,0.0914
2026-07-01,it,Tecnologia ed equipaggiamento militare,0,11122687,0
2026-07-02,it,Tecnologia ed equipaggiamento militare,1,10746433,0.0931
2026-07-03,it,Tecnologia ed equipaggiamento militare,1,10829964,0.0923
2026-07-04,it,Tecnologia ed equipaggiamento militare,1,11220174,0.0891
2026-07-05,it,Tecnologia ed equipaggiamento militare,0,12123275,0
2026-07-06,it,Tecnologia ed equipaggiamento militare,0,11466453,0
2026-07-07,it,Tecnologia ed equipaggiamento militare,0,11419049,0
2026-07-08,it,Tecnologia ed equipaggiamento militare,0,10800628,0
2026-07-09,it,Tecnologia ed equipaggiamento militare,0,11085102,0
2026-07-10,it,Tecnologia ed equipaggiamento militare,0,10949182,0
2026-07-11,it,Tecnologia ed equipaggiamento militare,2,12163973,0.1644
2026-07-12,it,Tecnologia ed equipaggiamento militare,0,12931711,0
2026-07-13,it,Tecnologia ed equipaggiamento militare,0,11976898,0
2026-07-14,it,Tecnologia ed equipaggiamento militare,2,11942248,0.1675
2026-07-15,it,Tecnologia ed equipaggiamento militare,0,12033056,0
2026-07-16,it,Tecnologia ed equipaggiamento militare,0,11442934,0
2026-07-17,it,Tecnologia ed equipaggiamento militare,0,11726478,0
2026-07-18,it,Tecnologia ed equipaggiamento militare,4,11916733,0.3357
2026-07-19,it,Tecnologia ed equipaggiamento militare,1,14023421,0.0713
2026-07-20,it,Tecnologia ed equipaggiamento militare,1,12050351,0.0830
2026-07-21,it,Tecnologia ed equipaggiamento militare,0,11497205,0
2026-07-22,it,Tecnologia ed equipaggiamento militare,0,11173940,0
2026-07-23,it,Tecnologia ed equipaggiamento militare,1,11303924,0.0885
2026-07-24,it,Tecnologia ed equipaggiamento militare,0,11286334,0
2026-07-25,it,Tecnologia ed equipaggiamento militare,1,11748041,0.0851
2026-07-26,it,Tecnologia ed equipaggiamento militare,0,13198213,0
2026-07-27,it,Tecnologia ed equipaggiamento militare,0,11625922,0
2026-07-28,it,Tecnologia ed equipaggiamento militare,1,11668418,0.0857
2026-07-29,it,Tecnologia ed equipaggiamento militare,0,11628311,0
2026-07-30,it,Tecnologia ed equipaggiamento militare,0,11619725,0
2026-07-31,it,Tecnologia ed equipaggiamento militare,0,12072954,0
2026-08-01,it,Tecnologia ed equipaggiamento militare,0,12063499,0
2026-08-02,it,Tecnologia ed equipaggiamento militare,0,13403036,0
2026-08-03,it,Tecnologia ed equipaggiamento militare,0,12295526,0
2026-08-04,it,Tecnologia ed equipaggiamento militare,0,13279503,0
2026-08-05,it,Tecnologia ed equipaggiamento militare,1,13650114,0.0733
2026-08-06,it,Tecnologia ed equipaggiamento militare,0,12917024,0
2026-08-07,it,Tecnologia ed equipaggiamento militare,0,11603890,0
2026-08-08,it,Tecnologia ed equipaggiamento militare,0,11641857,0
2026-08-09,it,Tecnologia ed equipaggiamento militare,0,12405244,0
2026-08-10,it,Tecnologia ed equipaggiamento militare,1,11720118,0.0853
2026-08-11,it,Tecnologia ed equipaggiamento militare,1,12078589,0.0828
2026-08-12,it,Tecnologia ed equipaggiamento militare,0,12149433,0
2026-08-13,it,Tecnologia ed equipaggiamento militare,0,12127369,0
2026-08-14,it,Tecnologia ed equipaggiamento militare,0,12217357,0
2026-08-15,it,Tecnologia ed equipaggiamento militare,0,12792282,0
2026-08-16,it,Tecnologia ed equipaggiamento militare,0,13803282,0
2026-08-17,it,Tecnologia ed equipaggiamento militare,2,13789682,0.1450
2026-08-18,it,Tecnologia ed equipaggiamento militare,0,13290481,0
2026-08-19,it,Tecnologia ed equipaggiamento militare,0,12583707,0
2026-08-20,it,Tecnologia ed equipaggiamento militare,0,12681945,0
2026-08-21,it,Tecnologia ed equipaggiamento militare,0,13195817,0
2026-08-22,it,Tecnologia ed equipaggiamento militare,1,13390864,0.0747
2026-08-23,it,Tecnologia ed equipaggiamento militare,0,13418805,0
2026-08-24,it,Tecnologia ed equipaggiamento militare,0,12086521,0
2026-08-25,it,Tecnologia ed equipaggiamento militare,0,12683948,0
2026-08-26,it,Tecnologia ed equipaggiamento militare,0,12830912,0
2026-08-27,it,Tecnologia ed equipaggiamento militare,0,12701181,0
2026-08-28,it,Tecnologia ed equipaggiamento militare,1,12837658,0.0779
2026-08-29,it,Tecnologia ed equipaggiamento militare,1,12581031,0.0795
2026-08-30,it,Tecnologia ed equipaggiamento militare,0,13287853,0
2026-08-31,it,Tecnologia ed equipaggiamento militare,0,12239973,0
2026-09-01,it,Tecnologia ed equipaggiamento militare,0,11968150,0
2026-09-02,it,Tecnologia ed equipaggiamento militare,0,11918410,0
2026-09-03,it,Tecnologia ed equipaggiamento militare,0,11768654,0
2026-09-04,it,Tecnologia ed equipaggiamento militare,1,11988038,0.0834
2026-09-05,it,Tecnologia ed equipaggiamento militare,1,12510592,0.0799
2026-09-06,it,Tecnologia ed equipaggiamento militare,1,13831018,0.0723
2026-09-07,it,Tecnologia ed equipaggiamento militare,0,12026046,0
2026-09-08,it,Tecnologia ed equipaggiamento militare,0,11649842,0
2026-09-09,it,Tecnologia ed equipaggiamento militare,0,11976467,0
2026-09-10,it,Tecnologia ed equipaggiamento militare,1,12199698,0.0820
2026-09-11,it,Tecnologia ed equipaggiamento militare,2,12341741,0.1621
2026-09-12,it,Tecnologia ed equipaggiamento militare,2,12817018,0.1560
2026-09-13,it,Tecnologia ed equipaggiamento militare,2,13246568,0.1510
2026-09-14,it,Tecnologia ed equipaggiamento militare,0,11128428,0
2026-09-15,it,Tecnologia ed equipaggiamento militare,1,11335724,0.0882
2026-09-16,it,Tecnologia ed equipaggiamento militare,0,11163984,0
2026-09-17,it,Tecnologia ed equipaggiamento militare,2,11592185,0.1725
2026-09-18,it,Tecnologia ed equipaggiamento militare,1,10980425,0.0911
2026-09-19,it,Tecnologia ed equipaggiamento militare,0,12200187,0
2026-09-20,it,Tecnologia ed equipaggiamento militare,0,12768121,0
2026-09-21,it,Tecnologia ed equipaggiamento militare,0,11482309,0
2026-09-22,it,Tecnologia ed equipaggiamento militare,2,12053843,0.1659
